Workbook

Sheet Summary
A1: TMT Camera production plan summary by part
A2: Upadte | B2: ='Monthly FC (Dont use)'!E1 -> 46010
A3: Production Month | B3: ='Monthly FC (Dont use)'!I1 -> Production Month:Dec'25
A4: NETH Doc
D5: 2021 | M5: 2022
A6: Part No. | B6: Model | D6: Mar | E6: Apr | F6: May | G6: Jun | H6: Jul | I6: Aug | J6: Sep | K6: Nov | L6: Dec | M6: Jan | N6: Feb | O6: Apr | P6: May | Q6: Jun | R6: Jul | S6: Aug | T6: Sep | U6: Oct | V6: Nov | W6: Dec | X6: Jan | Y6: Feb | Z6: Mar | AA6: Apr | AB6: May | AC6: Jun | AD6: Jul | AE6: Aug | AF6: Sep | AG6: Oct | AH6: Nov | AI6: Nov
A7: 86790-0K050-00 | B7: 867B | C7: Last FC | D7: 0 | E7: 34 | F7: 43 | G7: 8396 | H7: 8314 | I7: 13430 | J7: 22698 | K7: 13644 | L7: 17349 | M7: 19123 | N7: 18580 | P7: 18029 | Q7: 16437 | R7: 22295 | S7: 24394 | T7: 28530 | U7: 25510 | V7: 26808 | W7: 22098 | X7: 22011 | Y7: 25986 | Z7: 28830 | AA7: 21378 | AB7: 24514 | AC7: 23357 | AD7: 14462 | AE7: 25100
C8: Upadte | D8: 0 | F8: 43 | G8: 7380 | H8: 8373 | I8: 13277 | J8: 22558 | K8: 15740 | L8: 17349 | M8: 18652 | N8: 18126 | O8: 18474 | P8: 17226 | Q8: 15356 | R8: 19810 | S8: 24394 | T8: 27645 | U8: 25823 | V8: 23620 | W8: 21338 | X8: 22121 | Y8: 25812 | Z8: 29257 | AA8: 20054 | AB8: 17934 | AC8: 23167 | AD8: 14023 | AE8: 21562
C9: Diff | D9: =(D8-D7)/D8 -> #DIV/0! | E9: =(E8-E7)/E8 -> #DIV/0! | F9: =(F8-F7)/F8 -> 0 | G9: =(G8-G7)/G7 -> -0.12101 | H9: =(H8-H7)/H7 -> 0.0070964638 | I9: =(I8-I7)/I7 -> -0.011392405 | J9: =(J8-J7)/J7 -> -0.0061679443 | K9: =(K8-K7)/K7 -> 0.15362064 | L9: =(L8-L7)/L7 -> 0 | M9: =(M8-M7)/M7 -> -0.024630027 | N9: =(N8-N7)/N7 -> -0.024434876 | ... AI9: =(AI8-AI7)/AI7 -> #DIV/0!
A10: 86790-0K080-00 | B10: 867B | C10: Last FC | D10: 0 | E10: 5 | F10: 1414 | G10: 1640 | H10: 895 | I10: 1432 | J10: 2000 | K10: 1654 | L10: 1283 | M10: 1404 | N10: 1265 | P10: 2545 | Q10: 2189 | R10: 2115 | S10: 1436 | T10: 1305 | U10: 1652 | V10: 1293 | W10: 1974 | X10: 1769 | Y10: 2102 | Z10: 2823 | AA10: 2320 | AB10: 3658 | AC10: 2551 | AD10: 2215 | AE10: 2147
C11: Upadte | D11: 0 | F11: 5 | G11: 1294 | H11: 919 | I11: 1436 | J11: 2000 | K11: 1661 | L11: 1283 | M11: 1404 | N11: 1265 | O11: 1317 | P11: 2543 | Q11: 2329 | R11: 2118 | S11: 1436 | T11: 1630 | U11: 1288 | V11: 991 | W11: 1974 | X11: 1769 | Y11: 2102 | Z11: 2788 | AA11: 1910 | AB11: 3658 | AC11: 2542 | AD11: 1961 | AE11: 2147
C12: Diff | D12: =(D11-D10)/D11 -> #DIV/0! | E12: =(E11-E10)/E11 -> #DIV/0! | F12: =(F11-F10)/F11 -> -281.8 | G12: =(G11-G10)/G10 -> -0.21097561 | H12: =(H11-H10)/H10 -> 0.026815642 | I12: =(I11-I10)/I10 -> 0.0027932961 | J12: =(J11-J10)/J10 -> 0 | K12: =(K11-K10)/K10 -> 0.0042321645 | L12: =(L11-L10)/L10 -> 0 | M12: =(M11-M10)/M10 -> 0 | N12: =(N11-N10)/N10 -> 0 | ... AI12: =(AI11-AI10)/AI10 -> #DIV/0!
A13: 86790-0K110-00 | B13: 867B | C13: Last FC | D13: 0 | E13: 251 | F13: 11 | G13: 2088 | H13: 1071 | I13: 2336 | J13: 5312 | K13: 4274 | L13: 6041 | M13: 6987 | N13: 6243 | P13: 5991 | Q13: 6083 | R13: 16356 | S13: 7371 | T13: 9924 | U13: 6485 | V13: 5680 | W13: 6739 | X13: 8709 | Y13: 7803 | Z13: 7753 | AA13: 5551 | AB13: 5968 | AC13: 5755 | AD13: 4407 | AE13: 8337
C14: Upadte | D14: 0 | F14: 11 | G14: 1385 | H14: 1151 | I14: 2167 | J14: 5036 | K14: 4648 | L14: 6041 | M14: 7213 | N14: 6743 | O14: 4920 | P14: 5914 | Q14: 6089 | R14: 10891 | S14: 7371 | T14: 6356 | U14: 6774 | V14: 5886 | W14: 9919 | X14: 6299 | Y14: 7526 | Z14: 7661 | AA14: 5004 | AB14: 4188 | AC14: 5688 | AD14: 4349 | AE14: 7542
C15: Diff | D15: =(D14-D13)/D14 -> #DIV/0! | E15: =(E14-E13)/E14 -> #DIV/0! | F15: =(F14-F13)/F14 -> 0 | G15: =(G14-G13)/G13 -> -0.33668582 | H15: =(H14-H13)/H13 -> 0.074696545 | I15: =(I14-I13)/I13 -> -0.07234589 | J15: =(J14-J13)/J13 -> -0.051957831 | K15: =(K14-K13)/K13 -> 0.087505849 | L15: =(L14-L13)/L13 -> 0 | M15: =(M14-M13)/M13 -> 0.032345785 | N15: =(N14-N13)/N13 -> 0.0800897 | ... AI15: =(AI14-AI13)/AI13 -> #DIV/0!
A16: 86790-0K130-00 | B16: 867B | C16: Last FC | H16: 0 | I16: 46 | J16: 280 | K16: 1485 | L16: 3192 | M16: 3178 | N16: 3642 | P16: 2734 | Q16: 2519 | R16: 10223 | S16: 2740 | T16: 4120 | U16: 20 | V16: 0 | W16: 80 | X16: 0 | Y16: 60 | Z16: 120 | AA16: 40 | AB16: 80 | AC16: 120 | AD16: 60 | AE16: 60
C17: Upadte | G17: 0 | H17: 0 | I17: 60 | J17: 300 | K17: 780 | L17: 3240 | M17: 3040 | N17: 3620 | O17: 2380 | P17: 2720 | Q17: 2620 | R17: 3300 | S17: 2740 | T17: 20 | U17: 0 | V17: 220 | W17: 3800 | X17: 3860 | Y17: 120 | Z17: 120 | AA17: 40 | AB17: 100 | AC17: 40 | AD17: 60 | AE17: 40
C18: Diff | D18: =(D17-D16)/D17 -> #DIV/0! | E18: =(E17-E16)/E17 -> #DIV/0! | F18: =(F17-F16)/F17 -> #DIV/0! | G18: =(G17-G16)/G16 -> #DIV/0! | H18: =(H17-H16)/H16 -> #DIV/0! | I18: =(I17-I16)/I16 -> 0.30434783 | J18: =(J17-J16)/J16 -> 0.071428571 | K18: =(K17-K16)/K16 -> -0.47474747 | L18: =(L17-L16)/L16 -> 0.015037594 | M18: =(M17-M16)/M16 -> -0.043423537 | N18: =(N17-N16)/N16 -> -0.006040637 | ... AI18: =(AI17-AI16)/AI16 -> #DIV/0!
A19: 86790-0K140-A | B19: 867B | C19: Last FC | H19: 0 | I19: 46 | J19: 280 | K19: 1485 | L19: 3192 | M19: 3178 | N19: 3642 | P19: 0 | Q19: 0 | R19: 14 | S19: 693 | T19: 5257 | U19: 3952 | V19: 3432 | W19: 3185 | X19: 3356 | Y19: 4026 | Z19: 5032 | AA19: 2977 | AB19: 3481 | AC19: 3263 | AD19: 236 | AE19: 41
C20: Upadte | G20: 0 | H20: 0 | I20: 60 | J20: 300 | K20: 780 | L20: 3240 | M20: 3040 | N20: 3620 | O20: 0 | P20: 0 | Q20: 0 | R20: 52 | S20: 693 | T20: 3997 | U20: 3879 | V20: 3457 | W20: 3195 | X20: 3336 | Y20: 3816 | Z20: 5188 | AA20: 2723 | AB20: 3261 | AC20: 3630 | AD20: 113 | AE20: 917
C21: Diff | D21: =(D20-D19)/D20 -> #DIV/0! | E21: =(E20-E19)/E20 -> #DIV/0! | F21: =(F20-F19)/F20 -> #DIV/0! | G21: =(G20-G19)/G19 -> #DIV/0! | H21: =(H20-H19)/H19 -> #DIV/0! | I21: =(I20-I19)/I19 -> 0.30434783 | J21: =(J20-J19)/J19 -> 0.071428571 | K21: =(K20-K19)/K19 -> -0.47474747 | L21: =(L20-L19)/L19 -> 0.015037594 | M21: =(M20-M19)/M19 -> -0.043423537 | N21: =(N20-N19)/N19 -> -0.006040637 | ... AI21: =(AI20-AI19)/AI19 -> #DIV/0!
A22: 86790-0K170-A | B22: 867B | C22: Last FC | H22: 0 | I22: 46 | J22: 280 | K22: 1485 | L22: 3192 | M22: 3178 | N22: 3642 | P22: 0 | Q22: 0 | R22: 522 | S22: 5278 | T22: 5486 | U22: 5003 | V22: 5576 | W22: 4873 | X22: 5183 | Y22: 5285 | Z22: 5945 | AA22: 5274 | AB22: 4756 | AC22: 4894 | AD22: 2703 | AE22: 28
C23: Upadte | G23: 0 | H23: 0 | I23: 60 | J23: 300 | K23: 780 | L23: 3240 | M23: 3040 | N23: 3620 | O23: 0 | P23: 0 | Q23: 0 | R23: 925 | S23: 5278 | T23: 5679 | U23: 5653 | V23: 3997 | W23: 4653 | X23: 5243 | Y23: 5145 | Z23: 5853 | AA23: 4678 | AB23: 3816 | AC23: 4520 | AD23: 1336 | AE23: 586
C24: Diff | D24: =(D23-D22)/D23 -> #DIV/0! | E24: =(E23-E22)/E23 -> #DIV/0! | F24: =(F23-F22)/F23 -> #DIV/0! | G24: =(G23-G22)/G22 -> #DIV/0! | H24: =(H23-H22)/H22 -> #DIV/0! | I24: =(I23-I22)/I22 -> 0.30434783 | J24: =(J23-J22)/J22 -> 0.071428571 | K24: =(K23-K22)/K22 -> -0.47474747 | L24: =(L23-L22)/L22 -> 0.015037594 | M24: =(M23-M22)/M22 -> -0.043423537 | N24: =(N23-N22)/N22 -> -0.006040637 | ... AI24: =(AI23-AI22)/AI22 -> #DIV/0!
A25: 86790-0K180-A | B25: 867B | C25: Last FC | H25: 0 | I25: 46 | J25: 280 | K25: 1485 | L25: 3192 | M25: 3178 | N25: 3642 | P25: 0 | Q25: 0 | R25: 474 | S25: 1127 | T25: 3372 | U25: 2452 | V25: 1884 | W25: 2064 | X25: 2373 | Y25: 3161 | Z25: 3144 | AA25: 2126 | AB25: 2451 | AC25: 2386 | AD25: 224 | AE25: 0
C26: Upadte | G26: 0 | H26: 0 | I26: 60 | J26: 300 | K26: 780 | L26: 3240 | M26: 3040 | N26: 3620 | O26: 0 | P26: 0 | Q26: 0 | R26: 492 | S26: 1127 | T26: 2848 | U26: 2544 | V26: 2137 | W26: 1944 | X26: 2143 | Y26: 3071 | Z26: 3240 | AA26: 1963 | AB26: 2251 | AC26: 2245 | AD26: 82 | AE26: 0
C27: Diff | D27: =(D26-D25)/D26 -> #DIV/0! | E27: =(E26-E25)/E26 -> #DIV/0! | F27: =(F26-F25)/F26 -> #DIV/0! | G27: =(G26-G25)/G25 -> #DIV/0! | H27: =(H26-H25)/H25 -> #DIV/0! | I27: =(I26-I25)/I25 -> 0.30434783 | J27: =(J26-J25)/J25 -> 0.071428571 | K27: =(K26-K25)/K25 -> -0.47474747 | L27: =(L26-L25)/L25 -> 0.015037594 | M27: =(M26-M25)/M25 -> -0.043423537 | N27: =(N26-N25)/N25 -> -0.006040637 | ... AI27: =(AI26-AI25)/AI25 -> #DIV/0!
A28: 86790-0K190-B | B28: 867B | C28: Last FC | H28: 0 | I28: 46 | J28: 280 | K28: 1485 | L28: 3192 | M28: 3178 | N28: 3642 | P28: 0 | Q28: 0 | R28: 527 | S28: 551 | T28: 1101 | U28: 1288 | V28: 1214 | W28: 989 | X28: 793 | Y28: 1041 | Z28: 1137 | AA28: 1006 | AB28: 1008 | AC28: 1008 | AD28: 1262 | AE28: 2026
C29: Upadte | G29: 0 | H29: 0 | I29: 60 | J29: 300 | K29: 780 | L29: 3240 | M29: 3040 | N29: 3620 | O29: 0 | P29: 0 | Q29: 0 | R29: 546 | S29: 551 | T29: 852 | U29: 1399 | V29: 1154 | W29: 569 | X29: 834 | Y29: 999 | Z29: 1220 | AA29: 882 | AB29: 798 | AC29: 1134 | AD29: 1178 | AE29: 2110
C30: Diff | D30: =(D29-D28)/D29 -> #DIV/0! | E30: =(E29-E28)/E29 -> #DIV/0! | F30: =(F29-F28)/F29 -> #DIV/0! | G30: =(G29-G28)/G28 -> #DIV/0! | H30: =(H29-H28)/H28 -> #DIV/0! | I30: =(I29-I28)/I28 -> 0.30434783 | J30: =(J29-J28)/J28 -> 0.071428571 | K30: =(K29-K28)/K28 -> -0.47474747 | L30: =(L29-L28)/L28 -> 0.015037594 | M30: =(M29-M28)/M28 -> -0.043423537 | N30: =(N29-N28)/N28 -> -0.006040637 | ... AI30: =(AI29-AI28)/AI28 -> #DIV/0!
A31: 86790-0K120 | B31: 867B (BIS TKM) | C31: Last FC | X31: 0 | Y31: 500 | Z31: 378 | AA31: 0 | AB31: 0 | AC31: 320 | AD31: 0 | AE31: 240
C32: Upadte | W32: 0 | X32: 0 | Y32: 500 | Z32: 0 | AA32: 0 | AB32: 0 | AC32: 0 | AD32: 0 | AE32: 100
C33: Diff | W33: =(W32-W31)/W31 -> #DIV/0! | X33: =(X32-X31)/X31 -> #DIV/0! | Y33: =(Y32-Y31)/Y31 -> 0 | Z33: =(Z32-Z31)/Z31 -> -1 | AA33: =(AA32-AA31)/AA31 -> #DIV/0! | AB33: =(AB32-AB31)/AB31 -> #DIV/0! | AC33: =(AC32-AC31)/AC31 -> -1 | AD33: =(AD32-AD31)/AD31 -> #DIV/0! | ... AI33: =(AI32-AI31)/AI31 -> #DIV/0!
A34: 86790-0K200 | B34: 867B (BIS TKM) | C34: Last FC | X34: 0 | Y34: 1760 | Z34: 1700 | AA34: 2800 | AB34: 2800 | AC34: 3200 | AD34: 2780 | AE34: 900
C35: Upadte | W35: 0 | X35: 0 | Y35: 400 | Z35: 1700 | AA35: 2800 | AB35: 2800 | AC35: 3200 | AD35: 2780 | AE35: 1580
C36: Diff | W36: =(W35-W34)/W34 -> #DIV/0! | X36: =(X35-X34)/X34 -> #DIV/0! | Y36: =(Y35-Y34)/Y34 -> -0.77272727 | Z36: =(Z35-Z34)/Z34 -> 0 | AA36: =(AA35-AA34)/AA34 -> 0 | AB36: =(AB35-AB34)/AB34 -> 0 | AC36: =(AC35-AC34)/AC34 -> 0 | AD36: =(AD35-AD34)/AD34 -> 0 | ... AI36: =(AI35-AI34)/AI34 -> #DIV/0!
A37: 86790-0K220 | B37: 867B (BIS TKM) | C37: Last FC | X37: 0 | Y37: 3260 | Z37: 2580 | AA37: 3160 | AB37: 4620 | AC37: 3760 | AD37: 3460 | AE37: 3600
C38: Upadte | W38: 0 | X38: 0 | Y38: 1260 | Z38: 2640 | AA38: 3180 | AB38: 4120 | AC38: 3740 | AD38: 4400 | AE38: 0
C39: Diff | W39: =(W38-W37)/W37 -> #DIV/0! | X39: =(X38-X37)/X37 -> #DIV/0! | Y39: =(Y38-Y37)/Y37 -> -0.61349693 | Z39: =(Z38-Z37)/Z37 -> 0.023255814 | AA39: =(AA38-AA37)/AA37 -> 0.0063291139 | AB39: =(AB38-AB37)/AB37 -> -0.10822511 | AC39: =(AC38-AC37)/AC37 -> -0.0053191489 | AD39: =(AD38-AD37)/AD37 -> 0.2716763 | ... AI39: =(AI38-AI37)/AI37 -> #DIV/0!
A40: 86790-BZ270-J | B40: D33H (D26A) | C40: Last FC | S40: 0 | T40: 0 | U40: 0 | V40: 0 | W40: 1908 | X40: 1044 | Y40: 1476 | Z40: 1332 | AA40: 1152 | AB40: 1620 | AC40: 1404 | AD40: 3168 | AE40: 4320
C41: Upadte | S41: 0 | T41: 0 | U41: 0 | V41: 0 | W41: 576 | X41: 1080 | Y41: 1404 | Z41: 1908 | AA41: 2088 | AB41: 2304 | AC41: 1728 | AD41: 6444 | AE41: 936
C42: Diff | D42: =(D41-D40)/D41 -> #DIV/0! | E42: =(E41-E40)/E41 -> #DIV/0! | F42: =(F41-F40)/F41 -> #DIV/0! | G42: =(G41-G40)/G40 -> #DIV/0! | H42: =(H41-H40)/H40 -> #DIV/0! | I42: =(I41-I40)/I40 -> #DIV/0! | J42: =(J41-J40)/J40 -> #DIV/0! | K42: =(K41-K40)/K40 -> #DIV/0! | L42: =(L41-L40)/L40 -> #DIV/0! | M42: =(M41-M40)/M40 -> #DIV/0! | N42: =(N41-N40)/N40 -> #DIV/0! | ... AI42: =(AI41-AI40)/AI40 -> #DIV/0!
A43: 86790-BZ280-J | B43: D33H (D26A) | C43: Last FC | S43: 0 | T43: 0 | U43: 0 | V43: 0 | W43: 5510 | X43: 4970 | Y43: 5710 | Z43: 6160 | AA43: 3680 | AB43: 4790 | AC43: 4940 | AD43: 7050 | AE43: 8840
C44: Upadte | S44: 0 | T44: 0 | U44: 0 | V44: 0 | W44: 4050 | X44: 5000 | Y44: 5720 | Z44: 6110 | AA44: 4870 | AB44: 4860 | AC44: 4850 | AD44: 10330 | AE44: 5380
C45: Diff | D45: =(D44-D43)/D44 -> #DIV/0! | E45: =(E44-E43)/E44 -> #DIV/0! | F45: =(F44-F43)/F44 -> #DIV/0! | G45: =(G44-G43)/G43 -> #DIV/0! | H45: =(H44-H43)/H43 -> #DIV/0! | I45: =(I44-I43)/I43 -> #DIV/0! | J45: =(J44-J43)/J43 -> #DIV/0! | K45: =(K44-K43)/K43 -> #DIV/0! | L45: =(L44-L43)/L43 -> #DIV/0! | M45: =(M44-M43)/M43 -> #DIV/0! | N45: =(N44-N43)/N43 -> #DIV/0! | ... AI45: =(AI44-AI43)/AI43 -> #DIV/0!
A46: 86790-BZ210-J | B46: D41H (D92A) | C46: Last FC | AD46: 0 | AE46: 5856
C47: Upadte | AB47: 0 | AC47: 0 | AD47: 0 | AE47: 5856
C48: Diff | AB48: =(AB47-AB46)/AB46 -> #DIV/0! | AC48: =(AC47-AC46)/AC46 -> #DIV/0! | AD48: =(AD47-AD46)/AD46 -> #DIV/0! | AE48: =(AE47-AE46)/AE46 -> 0 | AF48: =(AF47-AF46)/AF46 -> #DIV/0! | AG48: =(AG47-AG46)/AG46 -> #DIV/0! | AH48: =(AH47-AH46)/AH46 -> #DIV/0! | AI48: =(AI47-AI46)/AI46 -> #DIV/0!
A49: 86790-BZ220-J | B49: D41H (D92A) | C49: Last FC | AD49: 0 | AE49: 1220
C50: Upadte | AB50: 0 | AC50: 0 | AD50: 0 | AE50: 1220
C51: Diff | AB51: =(AB50-AB49)/AB49 -> #DIV/0! | AC51: =(AC50-AC49)/AC49 -> #DIV/0! | AD51: =(AD50-AD49)/AD49 -> #DIV/0! | AE51: =(AE50-AE49)/AE49 -> 0 | AF51: =(AF50-AF49)/AF49 -> #DIV/0! | AG51: =(AG50-AG49)/AG49 -> #DIV/0! | AH51: =(AH50-AH49)/AH49 -> #DIV/0! | AI51: =(AI50-AI49)/AI49 -> #DIV/0!
A52: 86790-0K141 | B52: 188D (ECI) | C52: Last FC | AD52: 3160 | AE52: 5251
C53: Upadte | AB53: 0 | AC53: 0 | AD53: 3252 | AE53: 3011
C54: Diff | AB54: =(AB53-AB52)/AB52 -> #DIV/0! | AC54: =(AC53-AC52)/AC52 -> #DIV/0! | AD54: =(AD53-AD52)/AD52 -> 0.029113924 | AE54: =(AE53-AE52)/AE52 -> -0.42658541 | AF54: =(AF53-AF52)/AF52 -> #DIV/0! | AG54: =(AG53-AG52)/AG52 -> #DIV/0! | AH54: =(AH53-AH52)/AH52 -> #DIV/0! | AI54: =(AI53-AI52)/AI52 -> #DIV/0!
A55: 86790-0K171 | B55: 188D (ECI) | C55: Last FC | AD55: 0 | AE55: 6725
C56: Upadte | AB56: 0 | AC56: 0 | AD56: 1200 | AE56: 4193
C57: Diff | AB57: =(AB56-AB55)/AB55 -> #DIV/0! | AC57: =(AC56-AC55)/AC55 -> #DIV/0! | AD57: =(AD56-AD55)/AD55 -> #DIV/0! | AE57: =(AE56-AE55)/AE55 -> -0.37650558 | AF57: =(AF56-AF55)/AF55 -> #DIV/0! | AG57: =(AG56-AG55)/AG55 -> #DIV/0! | AH57: =(AH56-AH55)/AH55 -> #DIV/0! | AI57: =(AI56-AI55)/AI55 -> #DIV/0!
A58: 86790-0K181 | B58: 188D (ECI) | C58: Last FC | AD58: 1690 | AE58: 3657
C59: Upadte | AB59: 0 | AC59: 0 | AD59: 1924 | AE59: 3082
C60: Diff | AB60: =(AB59-AB58)/AB58 -> #DIV/0! | AC60: =(AC59-AC58)/AC58 -> #DIV/0! | AD60: =(AD59-AD58)/AD58 -> 0.13846154 | AE60: =(AE59-AE58)/AE58 -> -0.1572327 | AF60: =(AF59-AF58)/AF58 -> #DIV/0! | AG60: =(AG59-AG58)/AG58 -> #DIV/0! | AH60: =(AH59-AH58)/AH58 -> #DIV/0! | AI60: =(AI59-AI58)/AI58 -> #DIV/0!

Sheet By Plant
A1: By Plant
A2: Update | C2: 46010
A3: Production Month | C3: Dec'25 | D3: Firm-0 | H3: PO Dec
H4: =ROUND(SUBTOTAL(9,H8:H55),2) -> 11329 | I4: =ROUND(SUBTOTAL(9,I8:I57),2) -> 10123 | J4: =ROUND(SUBTOTAL(9,J8:J57),2) -> 9639 | K4: =ROUND(SUBTOTAL(9,K8:K57),2) -> 8556 | M4: =ROUND(SUBTOTAL(9,M8:M57),2) -> 11639 | N4: =ROUND(SUBTOTAL(9,N8:N57),2) -> 9847 | O4: =ROUND(SUBTOTAL(9,O8:O57),2) -> 10071
H5: Update | I5: Update | J5: Update | K5: Update | M5: Last FC | N5: Last FC | O5: Last FC | R5: Diff | S5: Diff | T5: Diff | W5: Diff | X5: Diff | Y5: Diff
A6: Part No. | B6: P/n | C6: Part Type | D6: Plant | E6: =B6&D6 -> P/nPlant | F6: Packing Type | G6: Packing Size | H6: Jan | I6: Feb | J6: Mar | K6: Apr | M6: =H6 -> Jan | N6: =I6 -> Feb | O6: =J6 -> Mar | P6: =K6 -> Apr | R6: =M6 -> Jan | S6: =N6 -> Feb | T6: =O6 -> Mar | U6: =P6 -> Apr | W6: =R6 -> Jan | X6: =S6 -> Feb | Y6: =T6 -> Mar | Z6: =U6 -> Apr | AB6: Remark to follow TDEM
A7: 86790-0K050 | B7: 86790-0K050 | C7: Back | D7: SR | E7: =B7&D7 -> 86790-0K050SR | F7: TP341 | G7: 25 | H7: =IFERROR(VLOOKUP($E7,Analyze!$B$62:$F$104,2,0),0) -> 0 | I7: =IFERROR(VLOOKUP($E7,Analyze!$B$62:$F$104,3,0),0) -> 0 | J7: =IFERROR(VLOOKUP($E7,Analyze!$B$62:$F$104,4,0),0) -> 0 | K7: =IFERROR(VLOOKUP($E7,Analyze!$B$62:$F$104,5,0),0) -> 0 | M7: 0 | N7: 0 | O7: 0 | R7: =H7-M7 -> 0 | S7: =I7-N7 -> 0 | T7: =J7-O7 -> 0 | W7: =(R7/M7) -> #DIV/0! | X7: =(S7/N7) -> #DIV/0! | Y7: =(T7/O7) -> #DIV/0!
A8: 86790-0K080-B | B8: 86790-0K080 | C8: Back | D8: SR | E8: =B8&D8 -> 86790-0K080SR | F8: TP341 | G8: 42 | H8: =IFERROR(VLOOKUP($E8,Analyze!$B$62:$F$102,2,0),0) -> 592 | I8: =IFERROR(VLOOKUP($E8,Analyze!$B$62:$F$104,3,0),0) -> 676 | J8: =IFERROR(VLOOKUP($E8,Analyze!$B$62:$F$104,4,0),0) -> 1209 | K8: =IFERROR(VLOOKUP($E8,Analyze!$B$62:$F$104,5,0),0) -> 1093 | M8: 592 | N8: 712 | O8: 1453 | R8: =H8-M8 -> 0 | S8: =I8-N8 -> -36 | T8: =J8-O8 -> -244 | W8: =(R8/M8) -> 0 | X8: =(S8/N8) -> -0.050561798 | Y8: =(T8/O8) -> -0.16792842
A9: 86790-0K141-A TP | B9: 86790-0K141 | C9: Front | D9: BPK | E9: =B9&D9&F9 -> 86790-0K141BPKTP1 | F9: TP1 | H9: =IFERROR(VLOOKUP($E9,Analyze!$B$62:$F$102,2,0),0) -> 0 | I9: =IFERROR(VLOOKUP($E9,Analyze!$B$62:$F$104,3,0),0) -> 0 | J9: =IFERROR(VLOOKUP($E9,Analyze!$B$62:$F$104,4,0),0) -> 0 | K9: =IFERROR(VLOOKUP($E9,Analyze!$B$62:$F$104,5,0),0) -> 0 | M9: 0 | N9: 0 | O9: 0 | R9: =H9-M9 -> 0 | S9: =I9-N9 -> 0 | T9: =J9-O9 -> 0 | W9: =(R9/M9) -> #DIV/0! | X9: =(S9/N9) -> #DIV/0! | Y9: =(T9/O9) -> #DIV/0!
A10: 86790-0K141 TP | D10: BPK | F10: TP1 | G10: 8 | H10: =IFERROR(VLOOKUP($E10,Analyze!$B$62:$F$102,2,0),0) -> 0 | I10: =IFERROR(VLOOKUP($E10,Analyze!$B$62:$F$104,3,0),0) -> 0 | J10: =IFERROR(VLOOKUP($E10,Analyze!$B$62:$F$104,4,0),0) -> 0 | K10: =IFERROR(VLOOKUP($E10,Analyze!$B$62:$F$104,5,0),0) -> 0 | M10: 0 | N10: 0 | O10: 0
A11: 86790-0K050 | B11: 86790-0K050 | C11: Back | D11: BP | E11: =B11&D11 -> 86790-0K050BP | F11: TP341 | G11: 25 | H11: =IFERROR(VLOOKUP($E11,Analyze!$B$62:$F$102,2,0),0) -> 0 | I11: =IFERROR(VLOOKUP($E11,Analyze!$B$62:$F$102,3,0),0) -> 0 | J11: =IFERROR(VLOOKUP($E11,Analyze!$B$62:$F$102,4,0),0) -> 0 | K11: =IFERROR(VLOOKUP($E11,Analyze!$B$62:$F$102,5,0),0) -> 0 | M11: 0 | N11: 0 | O11: 0 | R11: =H11-M11 -> 0 | S11: =I11-N11 -> 0 | T11: =J11-O11 -> 0 | W11: =(R11/M11) -> #DIV/0! | X11: =(S11/N11) -> #DIV/0! | Y11: =(T11/O11) -> #DIV/0!
A12: 86790-0K080-B | B12: 86790-0K080 | C12: Back | D12: BP | E12: =B12&D12 -> 86790-0K080BP | F12: TP341 | G12: 42 | H12: =IFERROR(VLOOKUP($E12,Analyze!$B$62:$F$102,2,0),0) -> 428 | I12: =IFERROR(VLOOKUP($E12,Analyze!$B$62:$F$104,3,0),0) -> 299 | J12: =IFERROR(VLOOKUP($E12,Analyze!$B$62:$F$104,4,0),0) -> 35 | K12: =IFERROR(VLOOKUP($E12,Analyze!$B$62:$F$104,5,0),0) -> 0 | M12: 428 | N12: 309 | O12: 0 | R12: =H12-M12 -> 0 | S12: =I12-N12 -> -10 | T12: =J12-O12 -> 35 | W12: =(R12/M12) -> 0 | X12: =(S12/N12) -> -0.03236246 | Y12: =(T12/O12) -> #DIV/0!
A13: 86790-0K110-B | B13: 86790-0K110 | C13: Back | D13: BP | E13: =B13&D13 -> 86790-0K110BP | F13: TP341 | G13: 18 | H13: =IFERROR(VLOOKUP($E13,Analyze!$B$62:$F$102,2,0),0) -> 860 | I13: =IFERROR(VLOOKUP($E13,Analyze!$B$62:$F$104,3,0),0) -> 1201 | J13: =IFERROR(VLOOKUP($E13,Analyze!$B$62:$F$104,4,0),0) -> 1058 | K13: =IFERROR(VLOOKUP($E13,Analyze!$B$62:$F$104,5,0),0) -> 677 | M13: 860 | N13: 970 | O13: 859 | R13: =H13-M13 -> 0 | S13: =I13-N13 -> 231 | T13: =J13-O13 -> 199 | W13: =(R13/M13) -> 0 | X13: =(S13/N13) -> 0.23814433 | Y13: =(T13/O13) -> 0.23166473
A14: 86790-0K141-A | B14: 86790-0K141 | C14: Front | D14: SR | E14: =B14&D14 -> 86790-0K141SR | F14: TP341 | G14: 8 | H14: =IFERROR(VLOOKUP($E14,Analyze!$B$62:$F$102,2,0),0) -> 5 | I14: =IFERROR(VLOOKUP($E14,Analyze!$B$62:$F$104,3,0),0) -> 2 | J14: =IFERROR(VLOOKUP($E14,Analyze!$B$62:$F$104,4,0),0) -> 4 | K14: =IFERROR(VLOOKUP($E14,Analyze!$B$62:$F$104,5,0),0) -> 63 | M14: 5 | N14: 2 | O14: 209 | R14: =H14-M14 -> 0 | S14: =I14-N14 -> 0 | T14: =J14-O14 -> -205 | W14: =(R14/M14) -> 0 | X14: =(S14/N14) -> 0 | Y14: =(T14/O14) -> -0.98086124
A15: 86790-0K141-A | B15: 86790-0K141 | C15: Front | D15: BP | E15: =B15&D15 -> 86790-0K141BP | F15: TP341 | G15: 8 | H15: =IFERROR(VLOOKUP($E15,Analyze!$B$62:$F$102,2,0),0) -> 403 | I15: =IFERROR(VLOOKUP($E15,Analyze!$B$62:$F$104,3,0),0) -> 232 | J15: =IFERROR(VLOOKUP($E15,Analyze!$B$62:$F$104,4,0),0) -> 194 | K15: =IFERROR(VLOOKUP($E15,Analyze!$B$62:$F$104,5,0),0) -> 4 | M15: 403 | N15: 217 | O15: 1 | R15: =H15-M15 -> 0 | S15: =I15-N15 -> 15 | T15: =J15-O15 -> 193 | W15: =(R15/M15) -> 0 | X15: =(S15/N15) -> 0.069124424 | Y15: =(T15/O15) -> 193
A16: 86790-0K141-A SN1 | B16: 86790-0K141 | C16: Front | D16: BPK | E16: =B16&D16 -> 86790-0K141BPK | F16: SN1 | H16: =IFERROR(VLOOKUP($E16,Analyze!$B$62:$F$102,2,0),0) -> 1120 | I16: =IFERROR(VLOOKUP($E16,Analyze!$B$62:$F$104,3,0),0) -> 1760 | J16: =IFERROR(VLOOKUP($E16,Analyze!$B$62:$F$104,4,0),0) -> 2000 | K16: =IFERROR(VLOOKUP($E16,Analyze!$B$62:$F$104,5,0),0) -> 1712 | M16: 1712 | N16: 1856 | O16: 2304 | R16: =H16-M16 -> -592 | S16: =I16-N16 -> -96 | T16: =J16-O16 -> -304 | W16: =(R16/M16) -> -0.34579439 | X16: =(S16/N16) -> -0.051724138 | Y16: =(T16/O16) -> -0.13194444
A17: 86790-0K171 TP | D17: BPK | F17: TP1 | G17: 8 | H17: =IFERROR(VLOOKUP($E17,Analyze!$B$62:$F$102,2,0),0) -> 0 | I17: =IFERROR(VLOOKUP($E17,Analyze!$B$62:$F$104,3,0),0) -> 0 | J17: =IFERROR(VLOOKUP($E17,Analyze!$B$62:$F$104,4,0),0) -> 0 | K17: =IFERROR(VLOOKUP($E17,Analyze!$B$62:$F$104,5,0),0) -> 0 | M17: 0 | N17: 0 | O17: 0
A18: 86790-0K230-A | B18: 86790-0K230 | C18: Front | D18: BP | E18: =B18&D18 -> 86790-0K230BP | F18: TP341 | G18: 10 | H18: =IFERROR(VLOOKUP($E18,Analyze!$B$62:$F$102,2,0),0) -> 651 | I18: =IFERROR(VLOOKUP($E18,Analyze!$B$62:$F$104,3,0),0) -> 618 | J18: =IFERROR(VLOOKUP($E18,Analyze!$B$62:$F$104,4,0),0) -> 541 | K18: =IFERROR(VLOOKUP($E18,Analyze!$B$62:$F$104,5,0),0) -> 408 | M18: 651 | N18: 575 | O18: 534 | R18: =H18-M18 -> 0 | S18: =I18-N18 -> 43 | T18: =J18-O18 -> 7 | W18: =(R18/M18) -> 0 | X18: =(S18/N18) -> 0.074782609 | Y18: =(T18/O18) -> 0.013108614
A19: 86790-0K050 SN1 | B19: 86790-0K050 | C19: Back | D19: BPK | E19: =B19&D19 -> 86790-0K050BPK | F19: SN1 | G19: 20 | H19: =IFERROR(VLOOKUP($E19,Analyze!$B$62:$F$102,2,0),0) -> 0 | I19: =IFERROR(VLOOKUP($E19,Analyze!$B$62:$F$102,3,0),0) -> 0 | J19: =IFERROR(VLOOKUP($E19,Analyze!$B$62:$F$102,4,0),0) -> 0 | K19: =IFERROR(VLOOKUP($E19,Analyze!$B$62:$F$102,5,0),0) -> 0 | M19: 0 | N19: 0 | O19: 0 | R19: =H19-M19 -> 0 | S19: =I19-N19 -> 0 | T19: =J19-O19 -> 0 | W19: =(R19/M19) -> #DIV/0! | X19: =(S19/N19) -> #DIV/0! | Y19: =(T19/O19) -> #DIV/0!
A20: 86790-0K050 TP | B20: 86790-0K050 | C20: Back | D20: BPK | E20: =B20&D20&F20 -> 86790-0K050BPKTP1 | F20: TP1 | G20: 25 | H20: =IFERROR(VLOOKUP($E20,Analyze!$B$62:$F$102,2,0),0) -> 0 | I20: =IFERROR(VLOOKUP($E20,Analyze!$B$62:$F$102,3,0),0) -> 0 | J20: =IFERROR(VLOOKUP($E20,Analyze!$B$62:$F$102,4,0),0) -> 0 | K20: =IFERROR(VLOOKUP($E20,Analyze!$B$62:$F$102,5,0),0) -> 0 | M20: 0 | N20: 0 | O20: 0 | R20: =H20-M20 -> 0 | S20: =I20-N20 -> 0 | T20: =J20-O20 -> 0 | W20: =(R20/M20) -> #DIV/0! | X20: =(S20/N20) -> #DIV/0! | Y20: =(T20/O20) -> #DIV/0!
A21: 86790-0K110-B SN1 | B21: 86790-0K110 | C21: Back | D21: BPK | E21: =B21&D21 -> 86790-0K110BPK | F21: SN1 | G21: 20 | H21: =IFERROR(VLOOKUP($E21,Analyze!$B$62:$F$102,2,0),0) -> 5960 | I21: =IFERROR(VLOOKUP($E21,Analyze!$B$62:$F$104,3,0),0) -> 6660 | J21: =IFERROR(VLOOKUP($E21,Analyze!$B$62:$F$104,4,0),0) -> 5700 | K21: =IFERROR(VLOOKUP($E21,Analyze!$B$62:$F$104,5,0),0) -> 5940 | M21: 6360 | N21: 6400 | O21: 6000 | R21: =H21-M21 -> -400 | S21: =I21-N21 -> 260 | T21: =J21-O21 -> -300 | W21: =(R21/M21) -> -0.062893082 | X21: =(S21/N21) -> 0.040625 | Y21: =(T21/O21) -> -0.05
A22: 86790-0K110-B TP | B22: 86790-0K110 | C22: Back | D22: BPK | E22: =B22&D22&F22 -> 86790-0K110BPKTP1 | F22: TP1 | G22: 18 | H22: =IFERROR(VLOOKUP($E22,Analyze!$B$62:$F$102,2,0),0) -> 120 | I22: =IFERROR(VLOOKUP($E22,Analyze!$B$62:$F$104,3,0),0) -> 230 | J22: =IFERROR(VLOOKUP($E22,Analyze!$B$62:$F$104,4,0),0) -> 170 | K22: =IFERROR(VLOOKUP($E22,Analyze!$B$62:$F$104,5,0),0) -> 160 | M22: 120 | N22: 250 | O22: 200 | R22: =H22-M22 -> 0 | S22: =I22-N22 -> -20 | T22: =J22-O22 -> -30 | W22: =(R22/M22) -> 0 | X22: =(S22/N22) -> -0.08 | Y22: =(T22/O22) -> -0.15
A23: 86790-0K130 | B23: 86790-0K130 | C23: Back | D23: BPK | E23: =B23&D23 -> 86790-0K130BPK | F23: SN1 | G23: 20 | H23: =IFERROR(VLOOKUP($E23,Analyze!$B$62:$F$102,2,0),0) -> 0 | I23: =IFERROR(VLOOKUP($E23,Analyze!$B$62:$F$102,3,0),0) -> 0 | J23: =IFERROR(VLOOKUP($E23,Analyze!$B$62:$F$102,4,0),0) -> 0 | K23: =IFERROR(VLOOKUP($E23,Analyze!$B$62:$F$102,5,0),0) -> 0 | M23: 0 | N23: 0 | O23: 0 | R23: =H23-M23 -> 0 | S23: =I23-N23 -> 0 | T23: =J23-O23 -> 0 | W23: =(R23/M23) -> #DIV/0! | X23: =(S23/N23) -> #DIV/0! | Y23: =(T23/O23) -> #DIV/0!
A24: 86790-0K171-A | B24: 86790-0K171 | C24: Front | D24: SR | E24: =B24&D24 -> 86790-0K171SR | F24: TP341 | G24: 8 | H24: =IFERROR(VLOOKUP($E24,Analyze!$B$62:$F$102,2,0),0) -> 244 | I24: =IFERROR(VLOOKUP($E24,Analyze!$B$62:$F$104,3,0),0) -> 251 | J24: =IFERROR(VLOOKUP($E24,Analyze!$B$62:$F$104,4,0),0) -> 215 | K24: =IFERROR(VLOOKUP($E24,Analyze!$B$62:$F$104,5,0),0) -> 364 | M24: 244 | N24: 247 | O24: 254 | R24: =H24-M24 -> 0 | S24: =I24-N24 -> 4 | T24: =J24-O24 -> -39 | W24: =(R24/M24) -> 0 | X24: =(S24/N24) -> 0.016194332 | Y24: =(T24/O24) -> -0.15354331
A25: 86790-0K171-A | B25: 86790-0K171 | C25: Front | D25: BP | E25: =B25&D25 -> 86790-0K171BP | F25: TP341 | G25: 8 | H25: =IFERROR(VLOOKUP($E25,Analyze!$B$62:$F$102,2,0),0) -> 487 | I25: =IFERROR(VLOOKUP($E25,Analyze!$B$62:$F$104,3,0),0) -> 485 | J25: =IFERROR(VLOOKUP($E25,Analyze!$B$62:$F$104,4,0),0) -> 276 | K25: =IFERROR(VLOOKUP($E25,Analyze!$B$62:$F$104,5,0),0) -> 295 | M25: 487 | N25: 417 | O25: 185 | R25: =H25-M25 -> 0 | S25: =I25-N25 -> 68 | T25: =J25-O25 -> 91 | W25: =(R25/M25) -> 0 | X25: =(S25/N25) -> 0.16306954 | Y25: =(T25/O25) -> 0.49189189
A26: 86790-0K171-A SN1 | B26: 86790-0K171 | C26: Front | D26: BPK | E26: =B26&D26 -> 86790-0K171BPK | F26: SN1 | H26: =IFERROR(VLOOKUP($E26,Analyze!$B$62:$F$102,2,0),0) -> 0 | I26: =IFERROR(VLOOKUP($E26,Analyze!$B$62:$F$104,3,0),0) -> 0 | J26: =IFERROR(VLOOKUP($E26,Analyze!$B$62:$F$104,4,0),0) -> 0 | K26: =IFERROR(VLOOKUP($E26,Analyze!$B$62:$F$104,5,0),0) -> 0 | M26: 0 | N26: 0 | O26: 0 | R26: =H26-M26 -> 0 | S26: =I26-N26 -> 0 | T26: =J26-O26 -> 0 | W26: =(R26/M26) -> #DIV/0! | X26: =(S26/N26) -> #DIV/0! | Y26: =(T26/O26) -> #DIV/0!
A27: 86790-0K171-A TP | B27: 86790-0K171 | C27: Front | D27: BPK | E27: =B27&D27&F27 -> 86790-0K171BPKTP1 | F27: TP1 | H27: =IFERROR(VLOOKUP($E27,Analyze!$B$62:$F$102,2,0),0) -> 260 | I27: =IFERROR(VLOOKUP($E27,Analyze!$B$62:$F$104,3,0),0) -> 440 | J27: =IFERROR(VLOOKUP($E27,Analyze!$B$62:$F$104,4,0),0) -> 430 | K27: =IFERROR(VLOOKUP($E27,Analyze!$B$62:$F$104,5,0),0) -> 350 | M27: 320 | N27: 390 | O27: 350 | R27: =H27-M27 -> -60 | S27: =I27-N27 -> 50 | T27: =J27-O27 -> 80 | W27: =(R27/M27) -> -0.1875 | X27: =(S27/N27) -> 0.12820513 | Y27: =(T27/O27) -> 0.22857143
A28: 86790-0K120-A | B28: 86790-0K120 | C28: Back | D28: BPK | E28: =B28&D28 -> 86790-0K120BPK | F28: SN1 | H28: =IFERROR(VLOOKUP($E28,Analyze!$B$62:$F$102,2,0),0) -> 280 | I28: =IFERROR(VLOOKUP($E28,Analyze!$B$62:$F$104,3,0),0) -> 240 | J28: =IFERROR(VLOOKUP($E28,Analyze!$B$62:$F$104,4,0),0) -> 360 | K28: =IFERROR(VLOOKUP($E28,Analyze!$B$62:$F$104,5,0),0) -> 360 | L28: BIS TKM | M28: 280 | N28: 260 | O28: 440 | R28: =H28-M28 -> 0 | S28: =I28-N28 -> -20 | T28: =J28-O28 -> -80 | W28: =(R28/M28) -> 0 | X28: =(S28/N28) -> -0.076923077 | Y28: =(T28/O28) -> -0.18181818
A29: 86790-0K200-A | B29: 86790-0K200 | C29: Back | D29: BPK | E29: =B29&D29 -> 86790-0K200BPK | F29: SN1 | H29: =IFERROR(VLOOKUP($E29,Analyze!$B$62:$F$102,2,0),0) -> 3280 | I29: =IFERROR(VLOOKUP($E29,Analyze!$B$62:$F$104,3,0),0) -> 3020 | J29: =IFERROR(VLOOKUP($E29,Analyze!$B$62:$F$104,4,0),0) -> 2720 | K29: =IFERROR(VLOOKUP($E29,Analyze!$B$62:$F$104,5,0),0) -> 2400 | L29: BIS TKM | M29: 3280 | N29: 3020 | O29: 2820 | R29: =H29-M29 -> 0 | S29: =I29-N29 -> 0 | T29: =J29-O29 -> -100 | W29: =(R29/M29) -> 0 | X29: =(S29/N29) -> 0 | Y29: =(T29/O29) -> -0.035460993
A30: 86790-0K220-A | B30: 86790-0K220 | C30: Back | D30: BPK | E30: =B30&D30 -> 86790-0K220BPK | F30: SN1 | H30: =IFERROR(VLOOKUP($E30,Analyze!$B$62:$F$102,2,0),0) -> 960 | I30: =IFERROR(VLOOKUP($E30,Analyze!$B$62:$F$104,3,0),0) -> 1300 | J30: =IFERROR(VLOOKUP($E30,Analyze!$B$62:$F$104,4,0),0) -> 2160 | K30: =IFERROR(VLOOKUP($E30,Analyze!$B$62:$F$104,5,0),0) -> 2220 | L30: BIS TKM | M30: 1060 | N30: 1640 | O30: 2340 | R30: =H30-M30 -> -100 | S30: =I30-N30 -> -340 | T30: =J30-O30 -> -180 | W30: =(R30/M30) -> -0.094339623 | X30: =(S30/N30) -> -0.20731707 | Y30: =(T30/O30) -> -0.076923077
A31: 86790-0K230-A SN1 | B31: 86790-0K230 | C31: Front | D31: BPK | E31: =B31&D31 -> 86790-0K230BPK | F31: SN1 | H31: =IFERROR(VLOOKUP($E31,Analyze!$B$62:$F$102,2,0),0) -> 560 | I31: =IFERROR(VLOOKUP($E31,Analyze!$B$62:$F$104,3,0),0) -> 432 | J31: =IFERROR(VLOOKUP($E31,Analyze!$B$62:$F$104,4,0),0) -> 528 | K31: =IFERROR(VLOOKUP($E31,Analyze!$B$62:$F$104,5,0),0) -> 464 | M31: 560 | N31: 464 | O31: 592 | R31: =H31-M31 -> 0 | S31: =I31-N31 -> -32 | T31: =J31-O31 -> -64 | W31: =(R31/M31) -> 0 | X31: =(S31/N31) -> -0.068965517 | Y31: =(T31/O31) -> -0.10810811
A32: 86790-BZ270-J FC1 | B32: 86790-BZ270 | D32: GW | E32: =B32&D32 -> 86790-BZ270GW | F32: FC1 | H32: =IFERROR(VLOOKUP($E32,Analyze!$B$62:$F$102,2,0),0) -> 0 | I32: =IFERROR(VLOOKUP($E32,Analyze!$B$62:$F$102,3,0),0) -> 0 | J32: =IFERROR(VLOOKUP($E32,Analyze!$B$62:$F$102,4,0),0) -> 0 | K32: =IFERROR(VLOOKUP($E32,Analyze!$B$62:$F$102,5,0),0) -> 0 | M32: 0 | N32: 0 | O32: 0 | R32: =H32-M32 -> 0 | S32: =I32-N32 -> 0 | T32: =J32-O32 -> 0 | W32: =(R32/M32) -> #DIV/0! | X32: =(S32/N32) -> #DIV/0! | Y32: =(T32/O32) -> #DIV/0!
A33: 86790-BZ280-L SN1 | B33: 86790-BZ280 | D33: GW | E33: =B33&D33 -> 86790-BZ280GW | F33: SN1 | G33: 10 | H33: =IFERROR(VLOOKUP($E33,Analyze!$B$62:$F$102,2,0),0) -> 6770 | I33: =IFERROR(VLOOKUP($E33,Analyze!$B$62:$F$104,3,0),0) -> 8040 | J33: =IFERROR(VLOOKUP($E33,Analyze!$B$62:$F$104,4,0),0) -> 5500 | K33: =IFERROR(VLOOKUP($E33,Analyze!$B$62:$F$104,5,0),0) -> 5570 | M33: 6620 | N33: 7740 | O33: 5940 | R33: =H33-M33 -> 150 | S33: =I33-N33 -> 300 | T33: =J33-O33 -> -440 | W33: =(R33/M33) -> 0.02265861 | X33: =(S33/N33) -> 0.03875969 | Y33: =(T33/O33) -> -0.074074074
A34: 86790-BZ210-L | B34: 86790-BZ210 | D34: GW | E34: =B34&D34 -> 86790-BZ210GW | F34: TP341 | H34: =IFERROR(VLOOKUP($E34,Analyze!$B$62:$F$102,2,0),0) -> 8327 | I34: =IFERROR(VLOOKUP($E34,Analyze!$B$62:$F$104,3,0),0) -> 5661 | J34: =IFERROR(VLOOKUP($E34,Analyze!$B$62:$F$104,4,0),0) -> 6900 | K34: =IFERROR(VLOOKUP($E34,Analyze!$B$62:$F$104,5,0),0) -> 5595 | M34: 8327 | N34: 6520 | O34: 6814 | R34: =H34-M34 -> 0 | S34: =I34-N34 -> -859 | T34: =J34-O34 -> 86 | W34: =(R34/M34) -> 0 | X34: =(S34/N34) -> -0.13174847 | Y34: =(T34/O34) -> 0.012621074
A35: 86790-BZ220-K | B35: 86790-BZ220 | D35: GW | E35: =B35&D35 -> 86790-BZ220GW | F35: TP341 | H35: =IFERROR(VLOOKUP($E35,Analyze!$B$62:$F$102,2,0),0) -> 1432 | I35: =IFERROR(VLOOKUP($E35,Analyze!$B$62:$F$104,3,0),0) -> 772 | J35: =IFERROR(VLOOKUP($E35,Analyze!$B$62:$F$104,4,0),0) -> 1133 | K35: =IFERROR(VLOOKUP($E35,Analyze!$B$62:$F$104,5,0),0) -> 749 | M35: 1432 | N35: 1087 | O35: 1023 | R35: =H35-M35 -> 0 | S35: =I35-N35 -> -315 | T35: =J35-O35 -> 110 | W35: =(R35/M35) -> 0 | X35: =(S35/N35) -> -0.28978841 | Y35: =(T35/O35) -> 0.10752688
A36: 86790-BZ310-L SN1 | B36: 86790-BZ310 | D36: GW | E36: =B36&D36&F36 -> 86790-BZ310GWSN1 | F36: SN1 | H36: =IFERROR(VLOOKUP($E36,Analyze!$B$62:$F$102,2,0),0) -> 3390 | I36: =IFERROR(VLOOKUP($E36,Analyze!$B$62:$F$104,3,0),0) -> 2490 | J36: =IFERROR(VLOOKUP($E36,Analyze!$B$62:$F$104,4,0),0) -> 2715 | K36: =IFERROR(VLOOKUP($E36,Analyze!$B$62:$F$104,5,0),0) -> 3585 | M36: 3510 | N36: 2490 | O36: 2115 | R36: =H36-M36 -> -120 | S36: =I36-N36 -> 0 | T36: =J36-O36 -> 600 | W36: =(R36/M36) -> -0.034188034 | X36: =(S36/N36) -> 0 | Y36: =(T36/O36) -> 0.28368794
A37: 86790-BZ310-L | B37: 86790-BZ310 | D37: GW | E37: =B37&D37 -> 86790-BZ310GW | F37: TP341 | H37: =IFERROR(VLOOKUP($E37,Analyze!$B$62:$F$102,2,0),0) -> 2150 | I37: =IFERROR(VLOOKUP($E37,Analyze!$B$62:$F$104,3,0),0) -> 3303 | J37: =IFERROR(VLOOKUP($E37,Analyze!$B$62:$F$104,4,0),0) -> 2705 | K37: =IFERROR(VLOOKUP($E37,Analyze!$B$62:$F$104,5,0),0) -> 2697 | M37: 2150 | N37: 3303 | O37: 2405 | R37: =H37-M37 -> 0 | S37: =I37-N37 -> 0 | T37: =J37-O37 -> 300 | W37: =(R37/M37) -> 0 | X37: =(S37/N37) -> 0 | Y37: =(T37/O37) -> 0.12474012
A38: 86790-0K051-A | B38: 86790-0K051 | C38: Back | D38: BP | E38: =B38&D38 -> 86790-0K051BP | F38: TP341 | H38: =IFERROR(VLOOKUP($E38,Analyze!$B$62:$F$102,2,0),0) -> 2296 | I38: =IFERROR(VLOOKUP($E38,Analyze!$B$62:$F$104,3,0),0) -> 1891 | J38: =IFERROR(VLOOKUP($E38,Analyze!$B$62:$F$104,4,0),0) -> 1159 | K38: =IFERROR(VLOOKUP($E38,Analyze!$B$62:$F$104,5,0),0) -> 814 | M38: 2296 | N38: 1803 | O38: 818 | R38: =H38-M38 -> 0 | S38: =I38-N38 -> 88 | T38: =J38-O38 -> 341 | W38: =(R38/M38) -> 0 | X38: =(S38/N38) -> 0.048807543 | Y38: =(T38/O38) -> 0.41687042
A39: 86790-0K051-A | B39: 86790-0K051 | C39: Back | D39: SR | E39: =B39&D39 -> 86790-0K051SR | F39: TP341 | G39: 25 | H39: =IFERROR(VLOOKUP($E39,Analyze!$B$62:$F$102,2,0),0) -> 1163 | I39: =IFERROR(VLOOKUP($E39,Analyze!$B$62:$F$104,3,0),0) -> 1352 | J39: =IFERROR(VLOOKUP($E39,Analyze!$B$62:$F$104,4,0),0) -> 1710 | K39: =IFERROR(VLOOKUP($E39,Analyze!$B$62:$F$104,5,0),0) -> 2152 | M39: 1163 | N39: 1384 | O39: 2173 | R39: =H39-M39 -> 0 | S39: =I39-N39 -> -32 | T39: =J39-O39 -> -463 | W39: =(R39/M39) -> 0 | X39: =(S39/N39) -> -0.023121387 | Y39: =(T39/O39) -> -0.21306949
A40: 86790-0K051-A SN1 | B40: 86790-0K051 | C40: Back | D40: BPK | E40: =B40&D40&F40 -> 86790-0K051BPKSN1 | F40: SN1 | H40: =IFERROR(VLOOKUP($E40,Analyze!$B$62:$F$102,2,0),0) -> 7260 | I40: =IFERROR(VLOOKUP($E40,Analyze!$B$62:$F$104,3,0),0) -> 6090 | J40: =IFERROR(VLOOKUP($E40,Analyze!$B$62:$F$104,4,0),0) -> 6090 | K40: =IFERROR(VLOOKUP($E40,Analyze!$B$62:$F$104,5,0),0) -> 5130 | M40: 7530 | N40: 6030 | O40: 6450 | R40: =H40-M40 -> -270 | S40: =I40-N40 -> 60 | T40: =J40-O40 -> -360 | W40: =(R40/M40) -> -0.035856574 | X40: =(S40/N40) -> 0.0099502488 | Y40: =(T40/O40) -> -0.055813953
A41: 86790-0K051-A TP | B41: 86790-0K051 | C41: Back | D41: BPK | E41: =B41&D41&F41 -> 86790-0K051BPKTP1 | F41: TP1 | H41: =IFERROR(VLOOKUP($E41,Analyze!$B$62:$F$102,2,0),0) -> 610 | I41: =IFERROR(VLOOKUP($E41,Analyze!$B$62:$F$104,3,0),0) -> 790 | J41: =IFERROR(VLOOKUP($E41,Analyze!$B$62:$F$104,4,0),0) -> 680 | K41: =IFERROR(VLOOKUP($E41,Analyze!$B$62:$F$104,5,0),0) -> 460 | M41: 650 | N41: 630 | O41: 630 | R41: =H41-M41 -> -40 | S41: =I41-N41 -> 160 | T41: =J41-O41 -> 50 | W41: =(R41/M41) -> -0.061538462 | X41: =(S41/N41) -> 0.25396825 | Y41: =(T41/O41) -> 0.079365079
A42: 86790-BZ320-K | B42: 86790-BZ320 | D42: GW | E42: =B42&D42 -> 86790-BZ320GW | F42: TP341 | H42: =IFERROR(VLOOKUP($E42,Analyze!$B$62:$F$102,2,0),0) -> 0 | I42: =IFERROR(VLOOKUP($E42,Analyze!$B$62:$F$102,3,0),0) -> 0 | J42: =IFERROR(VLOOKUP($E42,Analyze!$B$62:$F$102,4,0),0) -> 0 | K42: =IFERROR(VLOOKUP($E42,Analyze!$B$62:$F$102,5,0),0) -> 0 | M42: 0 | N42: 0 | O42: 0 | R42: =H42-M42 -> 0 | S42: =I42-N42 -> 0 | T42: =J42-O42 -> 0 | W42: =(R42/M42) -> #DIV/0! | X42: =(S42/N42) -> #DIV/0! | Y42: =(T42/O42) -> #DIV/0!
A43: 86790-BZ321-J | B43: 86790-BZ321 | D43: GW | E43: =B43&D43 -> 86790-BZ321GW | F43: TP341 | H43: =IFERROR(VLOOKUP($E43,Analyze!$B$62:$F$102,2,0),0) -> 0 | I43: =IFERROR(VLOOKUP($E43,Analyze!$B$62:$F$104,3,0),0) -> 1335 | J43: =IFERROR(VLOOKUP($E43,Analyze!$B$62:$F$104,4,0),0) -> 1277 | K43: =IFERROR(VLOOKUP($E43,Analyze!$B$62:$F$104,5,0),0) -> 1277 | M43: 835 | N43: 1500 | O43: 1145 | R43: =H43-M43 -> -835 | S43: =I43-N43 -> -165 | T43: =J43-O43 -> 132 | W43: =(R43/M43) -> -1 | X43: =(S43/N43) -> -0.11 | Y43: =(T43/O43) -> 0.11528384
A44: 86790-0K181-A | B44: 86790-0K181 | C44: Front | D44: BP | E44: =B44&D44 -> 86790-0K181BP | F44: TP341 | G44: 8 | H44: =IFERROR(VLOOKUP($E44,Analyze!$B$62:$F$102,2,0),0) -> 68 | I44: =IFERROR(VLOOKUP($E44,Analyze!$B$62:$F$104,3,0),0) -> 70 | J44: =IFERROR(VLOOKUP($E44,Analyze!$B$62:$F$104,4,0),0) -> 4 | K44: =IFERROR(VLOOKUP($E44,Analyze!$B$62:$F$104,5,0),0) -> 4 | M44: 68 | N44: 69 | O44: 5 | R44: =H44-M44 -> 0 | S44: =I44-N44 -> 1 | T44: =J44-O44 -> -1 | W44: =(R44/M44) -> 0 | X44: =(S44/N44) -> 0.014492754 | Y44: =(T44/O44) -> -0.2
A45: 86790-0K181-A SN1 | B45: 86790-0K181 | C45: Front | D45: BPK | E45: =B45&D45 -> 86790-0K181BPK | F45: SN1 | H45: =IFERROR(VLOOKUP($E45,Analyze!$B$62:$F$102,2,0),0) -> 320 | I45: =IFERROR(VLOOKUP($E45,Analyze!$B$62:$F$104,3,0),0) -> 480 | J45: =IFERROR(VLOOKUP($E45,Analyze!$B$62:$F$104,4,0),0) -> 288 | K45: =IFERROR(VLOOKUP($E45,Analyze!$B$62:$F$104,5,0),0) -> 336 | M45: 368 | N45: 480 | O45: 368 | R45: =H45-M45 -> -48 | S45: =I45-N45 -> 0 | T45: =J45-O45 -> -80 | W45: =(R45/M45) -> -0.13043478 | X45: =(S45/N45) -> 0 | Y45: =(T45/O45) -> -0.2173913
A46: 86790-BZ271-J FC1 | B46: 86790-BZ271 | D46: GW | E46: 86790-BZ271GW | F46: FC1 | H46: =IFERROR(VLOOKUP($E46,Analyze!$B$62:$F$102,2,0),0) -> 2232 | I46: =IFERROR(VLOOKUP($E46,Analyze!$B$62:$F$104,3,0),0) -> 1944 | J46: =IFERROR(VLOOKUP($E46,Analyze!$B$62:$F$104,4,0),0) -> 1620 | K46: =IFERROR(VLOOKUP($E46,Analyze!$B$62:$F$104,5,0),0) -> 1620 | M46: 1944 | N46: 1980 | O46: 1764 | R46: =H46-M46 -> 288 | S46: =I46-N46 -> -36 | T46: =J46-O46 -> -144 | W46: =(R46/M46) -> 0.14814815 | X46: =(S46/N46) -> -0.018181818 | Y46: =(T46/O46) -> -0.081632653
A47: 86790-BZ310-L SN1 | B47: 86790-BZ310 | D47: BPK | E47: =B47&D47&F47 -> 86790-BZ310BPK | H47: =IFERROR(VLOOKUP($E47,Analyze!$B$62:$F$102,2,0),0) -> 1965 | I47: =IFERROR(VLOOKUP($E47,Analyze!$B$62:$F$104,3,0),0) -> 6225 | J47: =IFERROR(VLOOKUP($E47,Analyze!$B$62:$F$104,4,0),0) -> 6210 | K47: =IFERROR(VLOOKUP($E47,Analyze!$B$62:$F$104,5,0),0) -> 6735 | M47: 2145 | N47: 6585 | O47: 6285 | R47: =H47-M47 -> -180 | S47: =I47-N47 -> -360 | T47: =J47-O47 -> -75 | W47: =(R47/M47) -> -0.083916084 | X47: =(S47/N47) -> -0.054669704 | Y47: =(T47/O47) -> -0.011933174
A48: 86790-0K190-C TP | B48: 86790-0K190 | C48: Front | D48: BP | E48: =B48&D48 -> 86790-0K190BP | F48: TP341 | G48: 6 | H48: =IFERROR(VLOOKUP($E48,Analyze!$B$62:$F$102,2,0),0) -> 382 | I48: =IFERROR(VLOOKUP($E48,Analyze!$B$62:$F$104,3,0),0) -> 603 | J48: =IFERROR(VLOOKUP($E48,Analyze!$B$62:$F$104,4,0),0) -> 604 | K48: =IFERROR(VLOOKUP($E48,Analyze!$B$62:$F$104,5,0),0) -> 379 | M48: 382 | N48: 454 | O48: 491 | R48: =H48-M48 -> 0 | S48: =I48-N48 -> 149 | T48: =J48-O48 -> 113 | W48: =(R48/M48) -> 0 | X48: =(S48/N48) -> 0.32819383 | Y48: =(T48/O48) -> 0.23014257
A49: 86790-0K190-C FC1 | B49: 86790-0K190 | C49: Front | D49: BPK | E49: =B49&D49 -> 86790-0K190BPK | F49: FC1 | H49: =IFERROR(VLOOKUP($E49,Analyze!$B$62:$F$102,2,0),0) -> 3696 | I49: =IFERROR(VLOOKUP($E49,Analyze!$B$62:$F$104,3,0),0) -> 4032 | J49: =IFERROR(VLOOKUP($E49,Analyze!$B$62:$F$104,4,0),0) -> 3780 | K49: =IFERROR(VLOOKUP($E49,Analyze!$B$62:$F$104,5,0),0) -> 3570 | M49: 4032 | N49: 3822 | O49: 3990 | R49: =H49-M49 -> -336 | S49: =I49-N49 -> 210 | T49: =J49-O49 -> -210 | W49: =(R49/M49) -> -0.083333333 | X49: =(S49/N49) -> 0.054945055 | Y49: =(T49/O49) -> -0.052631579
A50: 86790-0K190-C TP | B50: 86790-0K190 | C50: Front | D50: BPK | E50: =B50&D50&F50 -> 86790-0K190BPKTP1 | F50: TP1 | H50: =IFERROR(VLOOKUP($E50,Analyze!$B$62:$F$102,2,0),0) -> 60 | I50: =IFERROR(VLOOKUP($E50,Analyze!$B$62:$F$104,3,0),0) -> 170 | J50: =IFERROR(VLOOKUP($E50,Analyze!$B$62:$F$104,4,0),0) -> 80 | K50: =IFERROR(VLOOKUP($E50,Analyze!$B$62:$F$104,5,0),0) -> 70 | M50: 60 | N50: 190 | O50: 140 | R50: =H50-M50 -> 0 | S50: =I50-N50 -> -20 | T50: =J50-O50 -> -60 | W50: =(R50/M50) -> 0 | X50: =(S50/N50) -> -0.10526316 | Y50: =(T50/O50) -> -0.42857143
A51: 86790-BZ350-M | B51: 86790-BZ350 | D51: GW | E51: =B51&D51 -> 86790-BZ350GW | H51: =IFERROR(VLOOKUP($E51,Analyze!$B$62:$F$102,2,0),0) -> 0 | I51: =IFERROR(VLOOKUP($E51,Analyze!$B$62:$F$104,3,0),0) -> 883 | J51: =IFERROR(VLOOKUP($E51,Analyze!$B$62:$F$104,4,0),0) -> 1727 | K51: =IFERROR(VLOOKUP($E51,Analyze!$B$62:$F$104,5,0),0) -> 1877 | M51: 1540 | N51: 1527 | O51: 2024 | R51: =H51-M51 -> -1540 | S51: =I51-N51 -> -644 | T51: =J51-O51 -> -297 | W51: =(R51/M51) -> -1 | X51: =(S51/N51) -> -0.42174198 | Y51: =(T51/O51) -> -0.14673913
A52: 86790-0K310 | B52: 86790-0K310 | D52: BP | E52: =B52&D52 -> 86790-0K310BP | H52: =IFERROR(VLOOKUP($E52,Analyze!$B$62:$F$102,2,0),0) -> 1874 | I52: =IFERROR(VLOOKUP($E52,Analyze!$B$62:$F$104,3,0),0) -> 1871 | J52: =IFERROR(VLOOKUP($E52,Analyze!$B$62:$F$104,4,0),0) -> 3117 | K52: =IFERROR(VLOOKUP($E52,Analyze!$B$62:$F$104,5,0),0) -> 2361 | M52: 1870 | N52: 1852 | O52: 3158 | R52: =H52-M52 -> 4 | S52: =I52-N52 -> 19 | T52: =J52-O52 -> -41 | W52: =(R52/M52) -> 0.0021390374 | X52: =(S52/N52) -> 0.010259179 | Y52: =(T52/O52) -> -0.012982901
A53: 86790-0K400 | B53: 86790-0K400 | D53: BP | E53: =B53&D53 -> 86790-0K400BP | H53: =IFERROR(VLOOKUP($E53,Analyze!$B$62:$F$102,2,0),0) -> 1874 | I53: =IFERROR(VLOOKUP($E53,Analyze!$B$62:$F$104,3,0),0) -> 1871 | J53: =IFERROR(VLOOKUP($E53,Analyze!$B$62:$F$104,4,0),0) -> 3117 | K53: =IFERROR(VLOOKUP($E53,Analyze!$B$62:$F$104,5,0),0) -> 2361 | M53: 1870 | N53: 1852 | O53: 3158 | R53: =H53-M53 -> 4 | S53: =I53-N53 -> 19 | T53: =J53-O53 -> -41 | W53: =(R53/M53) -> 0.0021390374 | X53: =(S53/N53) -> 0.010259179 | Y53: =(T53/O53) -> -0.012982901
A54: 86790-0K310 | B54: 86790-0K310 | D54: SR | E54: =B54&D54 -> 86790-0K310SR | H54: =IFERROR(VLOOKUP($E54,Analyze!$B$62:$F$102,2,0),0) -> 98 | I54: =IFERROR(VLOOKUP($E54,Analyze!$B$62:$F$104,3,0),0) -> 70 | J54: =IFERROR(VLOOKUP($E54,Analyze!$B$62:$F$104,4,0),0) -> 76 | K54: =IFERROR(VLOOKUP($E54,Analyze!$B$62:$F$104,5,0),0) -> 364 | M54: 98 | N54: 73 | O54: 78 | R54: =H54-M54 -> 0 | S54: =I54-N54 -> -3 | T54: =J54-O54 -> -2 | W54: =(R54/M54) -> 0 | X54: =(S54/N54) -> -0.04109589 | Y54: =(T54/O54) -> -0.025641026
A55: 86790-0K400 | B55: 86790-0K400 | D55: SR | E55: =B55&D55 -> 86790-0K400SR | H55: =IFERROR(VLOOKUP($E55,Analyze!$B$62:$F$102,2,0),0) -> 98 | I55: =IFERROR(VLOOKUP($E55,Analyze!$B$62:$F$104,3,0),0) -> 70 | J55: =IFERROR(VLOOKUP($E55,Analyze!$B$62:$F$104,4,0),0) -> 76 | K55: =IFERROR(VLOOKUP($E55,Analyze!$B$62:$F$104,5,0),0) -> 364 | M55: 98 | N55: 73 | O55: 78 | R55: =H55-M55 -> 0 | S55: =I55-N55 -> -3 | T55: =J55-O55 -> -2 | W55: =(R55/M55) -> 0 | X55: =(S55/N55) -> -0.04109589 | Y55: =(T55/O55) -> -0.025641026
A56: 86790-0K310 | B56: 86790-0K310 | D56: BPK | E56: =B56&D56 -> 86790-0K310BPK | H56: =IFERROR(VLOOKUP($E56,Analyze!$B$62:$F$102,2,0),0) -> 0 | I56: =IFERROR(VLOOKUP($E56,Analyze!$B$62:$F$104,3,0),0) -> 0 | J56: =IFERROR(VLOOKUP($E56,Analyze!$B$62:$F$104,4,0),0) -> 2040 | K56: =IFERROR(VLOOKUP($E56,Analyze!$B$62:$F$104,5,0),0) -> 2160 | M56: 0 | N56: 0 | O56: 1080
A57: 86790-0K400 | B57: 86790-0K400 | D57: BPK | E57: =B57&D57 -> 86790-0K400BPK | H57: =IFERROR(VLOOKUP($E57,Analyze!$B$62:$F$102,2,0),0) -> 0 | I57: =IFERROR(VLOOKUP($E57,Analyze!$B$62:$F$104,3,0),0) -> 0 | J57: =IFERROR(VLOOKUP($E57,Analyze!$B$62:$F$104,4,0),0) -> 2100 | K57: =IFERROR(VLOOKUP($E57,Analyze!$B$62:$F$104,5,0),0) -> 2100 | M57: 0 | N57: 0 | O57: 1092
G58: SUM | H58: =SUM(H7:H57) -> 62275 | I58: =SUM(I7:I57) -> 67859 | J58: =SUM(J7:J57) -> 72308 | K58: =SUM(K7:K57) -> 68840 | L58: =SUM(H58:K58) -> 271282 | M58: =SUM(M7:M55) -> 66350 | N58: =SUM(N7:N55) -> 69173 | O58: =SUM(O7:O55) -> 69593
A59: Remark
A60: Used TP Box same as domestic
A61: 86790-0K050 TP | D61: BPK | F61: TP1 | G61: 25
A62: 86790-0K110-B TP | D62: BPK | F62: TP1 | G62: 18
A63: 86790-0K051-A TP1 | D63: BPK | F63: TP1
A64: 86790-0K190-C | B64: 86790-0K190 | C64: Front | D64: BP | E64: =B64&D64 -> 86790-0K190BP | F64: TP341 | G64: 6 | I64: =IFERROR(VLOOKUP($E64,Analyze!$B$62:$F$97,3,0),0) -> 603 | J64: =IFERROR(VLOOKUP($E64,Analyze!$B$62:$F$97,4,0),0) -> 604 | K64: =IFERROR(VLOOKUP($E64,Analyze!$B$62:$F$97,5,0),0) -> 379 | M64: 87 | N64: 120 | O64: 90 | R64: =H64-M64 -> -87 | S64: =I64-N64 -> 483 | T64: =J64-O64 -> 514 | W64: =(R64/M64) -> -1 | X64: =(S64/N64) -> 4.025 | Y64: =(T64/O64) -> 5.7111111
A65: 86790-0K190-C FC1 | B65: 86790-0K190 | C65: Front | D65: BPK | E65: =B65&D65 -> 86790-0K190BPK | F65: FC1 | I65: =IFERROR(VLOOKUP($E65,Analyze!$B$62:$F$97,3,0),0) -> 4032 | J65: =IFERROR(VLOOKUP($E65,Analyze!$B$62:$F$97,4,0),0) -> 3780 | K65: =IFERROR(VLOOKUP($E65,Analyze!$B$62:$F$97,5,0),0) -> 3570 | M65: 3318 | N65: 3402 | O65: 2142 | R65: =H65-M65 -> -3318 | S65: =I65-N65 -> 630 | T65: =J65-O65 -> 1638 | W65: =(R65/M65) -> -1 | X65: =(S65/N65) -> 0.18518519 | Y65: =(T65/O65) -> 0.76470588

Sheet Monthly FC (Dont use)
D1: SCP Update | E1: ='By Plant'!C2 -> 46010 | I1: ="Production Month:"&'By Plant'!C3 -> Production Month:Dec'25
P3: change to 024J model | Q3: change to 024J model | R3: change to 024J model | S3: change to 024J model | T3: Sum Qty | U3: Check | V3: Last FC | W3: Last FC | X3: Last FC
P4: ='By Plant'!H6 -> Jan | Q4: ='By Plant'!I6 -> Feb | R4: ='By Plant'!J6 -> Mar | S4: ='By Plant'!K6 -> Apr | T4: =T7+T17+T31+T54 -> 288288 | U4: =T4=Total!N35 -> FALSE | V4: =P4 -> Jan | W4: =Q4 -> Feb | X4: =R4 -> Mar | Y4: =S4 -> Apr | AE4: =P4 -> Jan | AF4: =Q4 -> Feb | AG4: =R4 -> Mar | AH4: =S4 -> Apr | AJ4: =V4 -> Jan | AK4: =W4 -> Feb | AL4: =X4 -> Mar | AM4: =Y4 -> Apr
D5: SAMRONG | E5: =E2 | I5: Firm-0 | P5: Quantity | Q5: Forecast Quantity | V5: Last Forecast | AE5: Compare FC | AJ5: Compare FC
D6: Sl. No. | E6: Part No. | I6: Part Code | J6: Part Description | K6: Dock Code | L6: Shipping Dock | M6: Packing Size | N6: Plant | P6: (N) | Q6: N+1 | R6: N+2 | S6: N+3 | V6: (N) | W6: N+1 | X6: N+2 | Y6: N+3 | AA6: Diff | AB6: Diff | AC6: Diff | AE6: (N) | AF6: N+1 | AG6: N+2 | AH6: N+3 | AJ6: (N) | AK6: N+1 | AL6: N+2 | AM6: N+3 | AO6: TDEM PIC | AP6: E-mail | AQ6: Request | AR6: Reason feed back from TDEM
A7: SR | B7: Veh | C7: 438D> 481D | D7: 1 | E7: 86790-0K051-00 | I7: L342 | J7: CAMERA ASSY TELEVISION | K7: S1 | L7: 024J | M7: 25 | N7: SR | O7: =LEFT(E7,11)&N7 -> 86790-0K051SR | P7: 2893 | Q7: 2992 | R7: 950 | S7: 1258 | T7: =SUM(P7:S12) -> 13654 | U7: =T7='SR Daily'!EG20 -> FALSE | V7: 2893 | W7: 2913 | X7: 2946 | Y7: 0 | AA7: =P7-V7 -> 0 | AB7: =Q7-W7 -> 79 | AC7: =R7-X7 -> -1996 | AE7: =P7/V7 -> 1 | AF7: =Q7/W7 -> 1.0271198 | AG7: =R7/X7 -> 0.32247115 | AJ7: =AA7/V7 -> 0 | AK7: =AB7/W7 -> 0.027119808 | AL7: =AC7/X7 -> -0.67752885 | AN7: x | AO7: Kittipod Trirattanavanich | AP7: ktriratt@toyota.co.th | AQ7: demand sudden decrease in Dec 20%
A8: SR | B8: Veh | C8: 438D> 481D | D8: 2 | E8: 86790-0K080-00 | I8: G871 | J8: CAMERA ASSY TELEVISION | K8: S1 | L8: 024J | M8: 42 | N8: SR | O8: =LEFT(E8,11)&N8 -> 86790-0K080SR | P8: 745 | Q8: 503 | R8: 523 | S8: 661 | V8: 745 | W8: 595 | X8: 630 | Y8: 0 | AA8: =P8-V8 -> 0 | AB8: =Q8-W8 -> -92 | AC8: =R8-X8 -> -107 | AE8: =P8/V8 -> 1 | AF8: =Q8/W8 -> 0.84537815 | AG8: =R8/X8 -> 0.83015873 | AJ8: =AA8/V8 -> 0 | AK8: =AB8/W8 -> -0.15462185 | AL8: =AC8/X8 -> -0.16984127 | AN8: x | AO8: Kittipod Trirattanavanich | AP8: ktriratt@toyota.co.th | AQ8: demand sudden increase in Dec and Jan 40%
A9: SR | B9: Veh | C9: 438D> 481D | D9: 3 | E9: 86790-0K141-00 | I9: J788 | J9: CAMERA ASSY TELEVISION | K9: S1 | L9: 024J | M9: 8 | N9: SR | O9: =LEFT(E9,11)&N9 -> 86790-0K141SR | P9: 26 | Q9: 12 | R9: 9 | S9: 9 | V9: 26 | W9: 13 | X9: 13 | Y9: 0 | AA9: =P9-V9 -> 0 | AB9: =Q9-W9 -> -1 | AC9: =R9-X9 -> -4 | AE9: =P9/V9 -> 1 | AF9: =Q9/W9 -> 0.92307692 | AG9: =R9/X9 -> 0.69230769 | AJ9: =AA9/V9 -> 0 | AK9: =AB9/W9 -> -0.076923077 | AL9: =AC9/X9 -> -0.30769231 | AO9: Kittipod Trirattanavanich | AP9: ktriratt@toyota.co.th
A10: SR | B10: Veh | C10: 438D> 481D | D10: 4 | E10: 86790-0K171-00 | I10: J789 | J10: CAMERA ASSY TELEVISION | K10: S1 | L10: 024J | M10: 8 | N10: SR | O10: =LEFT(E10,11)&N10 -> 86790-0K171SR | P10: 726 | Q10: 308 | R10: 372 | S10: 523 | V10: 726 | W10: 465 | X10: 437 | Y10: 0 | AA10: =P10-V10 -> 0 | AB10: =Q10-W10 -> -157 | AC10: =R10-X10 -> -65 | AE10: =P10/V10 -> 1 | AF10: =Q10/W10 -> 0.66236559 | AG10: =R10/X10 -> 0.85125858 | AJ10: =AA10/V10 -> 0 | AK10: =AB10/W10 -> -0.33763441 | AL10: =AC10/X10 -> -0.14874142 | AN10: x | AO10: Kittipod Trirattanavanich | AP10: ktriratt@toyota.co.th | AQ10: demand sudden decrease in Dec 40%
A11: SR | B11: Veh | C11: 581D | D11: 5 | E11: 86790-0K310-00 | I11: N748 | J11: CAMERA ASSY TELEVISION | K11: S1 | L11: 024J | M11: 25 | P11: 164 | Q11: 44 | R11: 174 | S11: 190 | V11: 138 | W11: 38 | X11: 194 | AA11: =P11-V11 -> 26 | AB11: =Q11-W11 -> 6 | AC11: =R11-X11 -> -20 | AJ11: =AA11/V11 -> 0.1884058 | AK11: =AB11/W11 -> 0.15789474 | AL11: =AC11/X11 -> -0.10309278
A12: SR | B12: Veh | C12: 581D | D12: 6 | E12: 86790-0K400-00 | I12: N749 | J12: CAMERA ASSY TELEVISION | K12: S1 | L12: 024J | M12: 38 | P12: 164 | Q12: 44 | R12: 174 | S12: 190 | V12: 138 | W12: 38 | X12: 194 | AA12: =P12-V12 -> 26 | AB12: =Q12-W12 -> 6 | AC12: =R12-X12 -> -20 | AJ12: =AA12/V12 -> 0.1884058 | AK12: =AB12/W12 -> 0.15789474 | AL12: =AC12/X12 -> -0.10309278
R14: change to 024J model | S14: change to 024J model
D15: Banpho | E15: =E4 | I15: =I4 | P15: =P4 -> Jan | Q15: =Q4 -> Feb | R15: =R4 -> Mar | S15: =S4 -> Apr | V15: Last Forecast | AE15: Compare FC | AJ15: Compare FC
D16: Sl. No. | E16: Part No. | I16: Part Code | J16: Part Description | K16: Dock Code | L16: Shipping Dock | M16: Packing Size | N16: Plant | P16: (N) | Q16: N+1 | R16: N+2 | S16: N+3 | V16: (N) | W16: N+1 | X16: N+2 | Y16: N+3 | AE16: (N) | AF16: N+1 | AG16: N+2 | AH16: N+3 | AJ16: (N) | AK16: N+1 | AL16: N+2 | AM16: N+3
A17: BP | B17: Veh | C17: 438D> 481D | D17: 1 | E17: 86790-0K051-00 | F17: 86790-0K051-00 | H17: =F17=E17 -> TRUE | I17: I338 | J17: CAMERA ASSY TELEVISION | K17: P1 | L17: 975W/ 438D>>> 024J | M17: 25 | N17: BP | O17: =LEFT(E17,11)&N17 -> 86790-0K051BP | P17: 4401 | Q17: 3927 | R17: 2234 | S17: 1836 | T17: =SUM(P17:S26) -> 39022 | U17: =T17='BP Daily'!EG26 -> FALSE | V17: 4401 | W17: 4074 | X17: 2242 | AA17: =P17-V17 -> 0 | AB17: =Q17-W17 -> -147 | AC17: =R17-X17 -> -8 | AE17: =P17/V17 -> 1 | AF17: =Q17/W17 -> 0.96391753 | AG17: =R17/X17 -> 0.99643176 | AJ17: =AA17/V17 -> 0 | AK17: =AB17/W17 -> -0.036082474 | AL17: =AC17/X17 -> -0.0035682426 | AO17: Pongsakorn Meesuk | AP17: pmeesuk@toyota.co.th
A18: BP | B18: Veh | C18: 438D> 481D | D18: 2 | E18: 86790-0K080-00 | F18: 86790-0K080-00 | H18: =F18=E18 -> TRUE | I18: A369 | J18: CAMERA ASSY TELEVISION | K18: P1 | L18: 975W/ 438D>>> 024J | M18: 42 | N18: BP | O18: =LEFT(E18,11)&N18 -> 86790-0K080BP | P18: 619 | Q18: 553 | R18: 514 | S18: 380 | V18: 619 | W18: 516 | X18: 488 | AA18: =P18-V18 -> 0 | AB18: =Q18-W18 -> 37 | AC18: =R18-X18 -> 26 | AE18: =P18/V18 -> 1 | AF18: =Q18/W18 -> 1.0717054 | AG18: =R18/X18 -> 1.0532787 | AJ18: =AA18/V18 -> 0 | AK18: =AB18/W18 -> 0.071705426 | AL18: =AC18/X18 -> 0.053278689 | AN18: x | AO18: Pongsakorn Meesuk | AP18: pmeesuk@toyota.co.th | AQ18: demand sudden increase in Dec 30%
A19: BP | B19: Veh | C19: 438D> 481D | D19: 3 | E19: 86790-0K110-00 | F19: 86790-0K110-00 | H19: =F19=E19 -> TRUE | I19: A370 | J19: CAMERA ASSY TELEVISION | K19: P1 | L19: 975W/ 438D>>> 024J | M19: 18 | N19: BP | O19: =LEFT(E19,11)&N19 -> 86790-0K110BP | P19: 604 | Q19: 1218 | R19: 976 | S19: 834 | V19: 604 | W19: 1138 | X19: 886 | AA19: =P19-V19 -> 0 | AB19: =Q19-W19 -> 80 | AC19: =R19-X19 -> 90 | AE19: =P19/V19 -> 1 | AF19: =Q19/W19 -> 1.0702988 | AG19: =R19/X19 -> 1.1015801 | AJ19: =AA19/V19 -> 0 | AK19: =AB19/W19 -> 0.07029877 | AL19: =AC19/X19 -> 0.10158014 | AO19: Pongsakorn Meesuk | AP19: pmeesuk@toyota.co.th
A20: BP | B20: Veh | C20: 438D> 481D | D20: 4 | E20: 86790-0K141-00 | F20: 86790-0K141-00 | H20: =F20=E20 -> TRUE | I20: F165 | J20: CAMERA ASSY TELEVISION | K20: P1 | L20: 975W/ 438D>>> 024J | M20: 8 | N20: BP | O20: =LEFT(E20,11)&N20 -> 86790-0K141BP | P20: 522 | Q20: 416 | R20: 192 | S20: 127 | V20: 522 | W20: 200 | X20: 200 | AA20: =P20-V20 -> 0 | AB20: =Q20-W20 -> 216 | AC20: =R20-X20 -> -8 | AE20: =P20/V20 -> 1 | AF20: =Q20/W20 -> 2.08 | AG20: =R20/X20 -> 0.96 | AJ20: =AA20/V20 -> 0 | AK20: =AB20/W20 -> 1.08 | AL20: =AC20/X20 -> -0.04 | AN20: x | AO20: Pongsakorn Meesuk | AP20: pmeesuk@toyota.co.th | AQ20: demand sudden increase in Dec and Jan >50%
A21: BP | B21: Veh | C21: 438D> 481D | D21: 5 | E21: 86790-0K171-00 | F21: 86790-0K171-00 | H21: =F21=E21 -> TRUE | I21: F320 | J21: CAMERA ASSY TELEVISION | K21: P1 | L21: 975W/ 438D>>> 024J | M21: 8 | N21: BP | O21: =LEFT(E21,11)&N21 -> 86790-0K171BP | P21: 1518 | Q21: 1222 | R21: 740 | S21: 583 | V21: 1518 | W21: 1329 | X21: 826 | AA21: =P21-V21 -> 0 | AB21: =Q21-W21 -> -107 | AC21: =R21-X21 -> -86 | AE21: =P21/V21 -> 1 | AF21: =Q21/W21 -> 0.91948834 | AG21: =R21/X21 -> 0.89588378 | AJ21: =AA21/V21 -> 0 | AK21: =AB21/W21 -> -0.080511663 | AL21: =AC21/X21 -> -0.10411622 | AO21: Pongsakorn Meesuk | AP21: pmeesuk@toyota.co.th
A22: BP | B22: Veh | C22: 438D> 481D | D22: 6 | E22: 86790-0K181-00 | F22: 86790-0K181-00 | H22: =F22=E22 -> TRUE | I22: F323 | J22: CAMERA ASSY TELEVISION | K22: P1 | L22: 975W/ 438D>>> 024J | M22: 8 | N22: BP | O22: =LEFT(E22,11)&N22 -> 86790-0K181BP | P22: 99 | Q22: 48 | R22: 41 | S22: 39 | V22: 99 | W22: 47 | X22: 45 | AA22: =P22-V22 -> 0 | AB22: =Q22-W22 -> 1 | AC22: =R22-X22 -> -4 | AE22: =P22/V22 -> 1 | AF22: =Q22/W22 -> 1.0212766 | AG22: =R22/X22 -> 0.91111111 | AJ22: =AA22/V22 -> 0 | AK22: =AB22/W22 -> 0.021276596 | AL22: =AC22/X22 -> -0.088888889 | AO22: Pongsakorn Meesuk | AP22: pmeesuk@toyota.co.th
A23: BP | B23: Veh | C23: 438D> 481D | D23: 7 | E23: 86790-0K190-00 | F23: 86790-0K190-00 | H23: =F23=E23 -> TRUE | I23: D331 | J23: CAMERA ASSY TELEVISION | K23: P1 | L23: 975W/ 438D>>> 024J | M23: 6 | N23: BP | O23: =LEFT(E23,11)&N23 -> 86790-0K190BP | P23: 122 | Q23: 625 | R23: 479 | S23: 409 | V23: 122 | W23: 562 | X23: 433 | AA23: =P23-V23 -> 0 | AB23: =Q23-W23 -> 63 | AC23: =R23-X23 -> 46 | AE23: =P23/V23 -> 1 | AF23: =Q23/W23 -> 1.1120996 | AG23: =R23/X23 -> 1.1062356 | AJ23: =AA23/V23 -> 0 | AK23: =AB23/W23 -> 0.11209964 | AL23: =AC23/X23 -> 0.10623557 | AN23: x | AO23: Pongsakorn Meesuk | AP23: pmeesuk@toyota.co.th
A24: BP | B24: Veh | C24: 438D> 481D | D24: 8 | E24: 86790-0K230-00 | F24: 86790-0K230-00 | H24: =F24=E24 -> TRUE | I24: F530 | J24: CAMERA ASSY TELEVISION | K24: P1 | L24: 975W/ 438D>>> 024J | M24: 10 | N24: BP | O24: =LEFT(E24,11)&N24 -> 86790-0K230BP | P24: 640 | Q24: 785 | R24: 690 | S24: 669 | V24: 640 | W24: 761 | X24: 680 | AA24: =P24-V24 -> 0 | AB24: =Q24-W24 -> 24 | AC24: =R24-X24 -> 10 | AE24: =P24/V24 -> 1 | AF24: =Q24/W24 -> 1.0315375 | AG24: =R24/X24 -> 1.0147059 | AJ24: =AA24/V24 -> 0 | AK24: =AB24/W24 -> 0.031537451 | AL24: =AC24/X24 -> 0.014705882 | AO24: Pongsakorn Meesuk | AP24: pmeesuk@toyota.co.th
A25: BP | B25: Veh | C25: 581D | D25: 9 | E25: 86790-0K310-00 | I25: AU19 | J25: CAMERA ASSY TELEVISION | K25: E1,P1 | L25: 025J | M25: 25 | P25: 592 | Q25: 1812 | R25: 1486 | S25: 1590 | V25: 494 | W25: 1818 | X25: 1498 | AA25: =P25-V25 -> 98 | AB25: =Q25-W25 -> -6 | AC25: =R25-X25 -> -12 | AJ25: =AA25/V25 -> 0.19838057 | AK25: =AB25/W25 -> -0.00330033 | AL25: =AC25/X25 -> -0.0080106809
A26: BP | B26: Veh | C26: 581D | D26: 11 | E26: 86790-0K400-00 | I26: AU20 | J26: CAMERA ASSY TELEVISION | K26: E1,P1 | L26: 025J | M26: 38 | P26: 592 | Q26: 1812 | R26: 1486 | S26: 1590 | V26: 494 | W26: 1818 | X26: 1498 | AA26: =P26-V26 -> 98 | AB26: =Q26-W26 -> -6 | AC26: =R26-X26 -> -12 | AJ26: =AA26/V26 -> 0.19838057 | AK26: =AB26/W26 -> -0.00330033 | AL26: =AC26/X26 -> -0.0080106809
D29: BPK | E29: =E2 | I29: =I5 -> NaN | P29: =P15 -> Jan | Q29: =Q15 -> Feb | R29: =R15 -> Mar | S29: =S15 -> Apr | V29: Last Forecast | AE29: Compare FC | AJ29: Compare FC
D30: Sl. No. | E30: Part No. | I30: Part Code | J30: Part Description | K30: Dock Code | L30: Model | M30: Packing Size | N30: Plant | P30: (N) | Q30: N+1 | R30: N+2 | S30: N+3 | V30: (N) | W30: N+1 | X30: N+2 | Y30: N+3 | AE30: (N) | AF30: N+1 | AG30: N+2 | AH30: N+3 | AJ30: (N) | AK30: N+1 | AL30: N+2 | AM30: N+3
A31: BPK | B31: Packing | D31: TP1 | E31: 86790-0K050-00 | F31: 86790-0K050-00 | G31: =F31&K31 -> 86790-0K050-00B2 | H31: =F31=E31 -> TRUE | I31: M666 | J31: CAMERA ASSY TELEVISION | K31: B2 | L31: 889W | M31: 25 | N31: BPK | O31: =LEFT(E31,11)&N31&D31 -> 86790-0K050BPKTP1 | P31: 0 | Q31: 0 | R31: 0 | S31: 0 | T31: =SUM(P31:S47) -> 115905 | U31: =T31='BPK Daily'!EG39 -> FALSE | V31: 0 | W31: 0 | X31: 0 | AA31: =P31-V31 -> 0 | AB31: =Q31-W31 -> 0 | AC31: =R31-X31 -> 0 | AE31: =P31/V31 -> #DIV/0! | AF31: =Q31/W31 -> #DIV/0! | AG31: =R31/X31 -> #DIV/0! | AJ31: =AA31/V31 -> #DIV/0! | AK31: =AB31/W31 -> #DIV/0! | AL31: =AC31/X31 -> #DIV/0! | AO31: Ms. Pattarawan Leangwattana/ Ms. Teeraporn Siritaweewat | AP31: pattarawan_lea@tdem.toyota-asia.com
A32: BPK | B32: Packing | D32: 86790-0K130-00 | E32: 86790-0K220-00 | F32: 86790-0K220-00 | G32: =F32&K32 -> 86790-0K220-00D1 | H32: =F32=E32 -> TRUE | I32: T742 | J32: CAMERA ASSY TELEVISION | K32: D1 | L32: 758W | M32: 20 | N32: BPK | O32: =LEFT(E32,11)&N32 -> 86790-0K220BPK | P32: 500 | Q32: 860 | R32: 1240 | S32: 1080 | T32: BIS EOL | V32: 600 | W32: 840 | X32: 1240 | AA32: =P32-V32 -> -100 | AB32: =Q32-W32 -> 20 | AC32: =R32-X32 -> 0 | AE32: =P32/V32 -> 0.83333333 | AF32: =Q32/W32 -> 1.0238095 | AG32: =R32/X32 -> 1 | AJ32: =AA32/V32 -> -0.16666667 | AK32: =AB32/W32 -> 0.023809524 | AL32: =AC32/X32 -> 0 | AN32: x | AO32: Ms. Pattarawan Leangwattana/ Ms. Teeraporn Siritaweewat | AP32: pattarawan_lea@tdem.toyota-asia.com | AQ32: demand sudden decrease in Nov -22% and sudden double increase in Feb
A33: BPK | B33: Packing | E33: 86790-0K051-00 | F33: 86790-0K051-00 | G33: =F33&K33 -> 86790-0K051-00BN | H33: =F33=E33 -> TRUE | I33: W036 | J33: CAMERA ASSY TELEVISION | K33: BN | L33: 975W >>>024J | M33: 25 | N33: BPK | P33: 820 | Q33: 860 | R33: 700 | S33: 660 | V33: 820 | W33: 820 | X33: 670 | AA33: =P33-V33 -> 0 | AB33: =Q33-W33 -> 40 | AC33: =R33-X33 -> 30 | AE33: =P33/V33 -> 1 | AF33: =Q33/W33 -> 1.0487805 | AG33: =R33/X33 -> 1.0447761 | AJ33: =AA33/V33 -> 0 | AK33: =AB33/W33 -> 0.048780488 | AL33: =AC33/X33 -> 0.044776119 | AO33: Ms. Pattarawan Leangwattana/ Ms. Teeraporn Siritaweewat | AP33: pattarawan_lea@tdem.toyota-asia.com
A34: BPK | B34: Packing | E34: 86790-0K051-00 | F34: 86790-0K051-00 | G34: =F34&K34 -> 86790-0K051-00D1 | H34: =F34=E34 -> TRUE | I34: W036 | J34: CAMERA ASSY TELEVISION | K34: D1 | L34: 975W >>>024J | M34: 30 | N34: BPK | O34: =LEFT(E34,11)&N34&D34 -> 86790-0K051BPK | P34: 7560 | Q34: 4200 | R34: 6300 | S34: 7350 | V34: 7830 | W34: 5220 | X34: 7590 | AA34: =P34-V34 -> -270 | AB34: =Q34-W34 -> -1020 | AC34: =R34-X34 -> -1290 | AE34: =P34/V34 -> 0.96551724 | AF34: =Q34/W34 -> 0.8045977 | AG34: =R34/X34 -> 0.83003953 | AJ34: =AA34/V34 -> -0.034482759 | AK34: =AB34/W34 -> -0.1954023 | AL34: =AC34/X34 -> -0.16996047 | AN34: x | AO34: Ms. Pattarawan Leangwattana/ Ms. Teeraporn Siritaweewat | AP34: pattarawan_lea@tdem.toyota-asia.com | AQ34: demand sudden increase in Jan
A35: BPK | B35: Packing | D35: TP1 | E35: 86790-0K110-00 | F35: 86790-0K110-00 | G35: =F35&K35 -> 86790-0K110-00BN | H35: =F35=E35 -> TRUE | I35: M523 | J35: CAMERA ASSY TELEVISION | K35: BN | L35: 975W >>>024J | M35: 10 | N35: BPK | O35: =LEFT(E35,11)&N35&D35 -> 86790-0K110BPKTP1 | P35: 60 | Q35: 80 | R35: 220 | S35: 210 | V35: 150 | W35: 160 | X35: 190 | AA35: =P35-V35 -> -90 | AB35: =Q35-W35 -> -80 | AC35: =R35-X35 -> 30 | AE35: =P35/V35 -> 0.4 | AF35: =Q35/W35 -> 0.5 | AG35: =R35/X35 -> 1.1578947 | AJ35: =AA35/V35 -> -0.6 | AK35: =AB35/W35 -> -0.5 | AL35: =AC35/X35 -> 0.15789474 | AO35: Ms. Pattarawan Leangwattana/ Ms. Teeraporn Siritaweewat | AP35: pattarawan_lea@tdem.toyota-asia.com
A36: BPK | B36: Packing | E36: 86790-0K110-00 | F36: 86790-0K110-00 | G36: =F36&K36 -> 86790-0K110-00D1 | I36: M523 | J36: CAMERA ASSY TELEVISION | K36: D1 | L36: 975W >>>024J | M36: 20 | P36: 5620 | Q36: 3820 | R36: 5240 | S36: 5720 | V36: 5700 | W36: 4100 | X36: 5240 | AA36: =P36-V36 -> -80 | AB36: =Q36-W36 -> -280 | AC36: =R36-X36 -> 0 | AE36: =P36/V36 -> 0.98596491 | AF36: =Q36/W36 -> 0.93170732 | AG36: =R36/X36 -> 1 | AJ36: =AA36/V36 -> -0.014035088 | AK36: =AB36/W36 -> -0.068292683 | AL36: =AC36/X36 -> 0 | AN36: x | AO36: Ms. Pattarawan Leangwattana/ Ms. Teeraporn Siritaweewat | AP36: pattarawan_lea@tdem.toyota-asia.com | AQ36: demand sudden increase in Feb
A37: BPK | B37: Packing | D37: 86790-0K050-00 | E37: 86790-0K120-00 | F37: 86790-0K120-00 | G37: =F37&K37 -> 86790-0K120-00D1 | H37: =F37=E37 -> TRUE | I37: T962 | J37: CAMERA ASSY TELEVISION | K37: D1 | L37: 975W >>>024J | M37: 20 | N37: BPK | O37: =LEFT(E37,11)&N37&D37 -> 86790-0K120BPK86790-0K050-00 | P37: 240 | Q37: 320 | R37: 340 | S37: 280 | T37: BIS | V37: 280 | W37: 320 | X37: 340 | AA37: =P37-V37 -> -40 | AB37: =Q37-W37 -> 0 | AC37: =R37-X37 -> 0 | AE37: =P37/V37 -> 0.85714286 | AF37: =Q37/W37 -> 1 | AG37: =R37/X37 -> 1 | AJ37: =AA37/V37 -> -0.14285714 | AK37: =AB37/W37 -> 0 | AL37: =AC37/X37 -> 0 | AO37: Ms. Pattarawan Leangwattana/ Ms. Teeraporn Siritaweewat | AP37: pattarawan_lea@tdem.toyota-asia.com
A38: BPK | B38: Packing | E38: 86790-0K141-00 | F38: 86790-0K141-00 | G38: =F38&K38 -> 86790-0K141-00BN | I38: U324 | J38: CAMERA ASSY TELEVISION | K38: BN | L38: 975W >>>024J | M38: 8 | P38: 0 | Q38: 0 | R38: 0 | S38: 0 | V38: 0 | W38: 10 | X38: 0 | AA38: =P38-V38 -> 0 | AB38: =Q38-W38 -> -10 | AC38: =R38-X38 -> 0 | AE38: =P38/V38 -> #DIV/0! | AF38: =Q38/W38 -> 0 | AG38: =R38/X38 -> #DIV/0! | AJ38: =AA38/V38 -> #DIV/0! | AK38: =AB38/W38 -> -1 | AL38: =AC38/X38 -> #DIV/0! | AO38: Ms. Pattarawan Leangwattana/ Ms. Teeraporn Siritaweewat | AP38: pattarawan_lea@tdem.toyota-asia.com
A39: BPK | B39: Packing | E39: 86790-0K141-00 | F39: 86790-0K141-00 | G39: =F39&K39 -> 86790-0K141-00D1 | H39: =F39=E39 -> TRUE | I39: U324 | J39: CAMERA ASSY TELEVISION | K39: D1 | L39: 975W >>>024J | M39: 16 | N39: BPK | O39: =LEFT(E39,11)&N39&D39 -> 86790-0K141BPK | P39: 2400 | Q39: 1008 | R39: 1552 | S39: 1920 | V39: 2704 | W39: 1584 | X39: 3008 | AA39: =P39-V39 -> -304 | AB39: =Q39-W39 -> -576 | AC39: =R39-X39 -> -1456 | AE39: =P39/V39 -> 0.88757396 | AF39: =Q39/W39 -> 0.63636364 | AG39: =R39/X39 -> 0.51595745 | AJ39: =AA39/V39 -> -0.11242604 | AK39: =AB39/W39 -> -0.36363636 | AL39: =AC39/X39 -> -0.48404255 | AN39: x | AO39: Ms. Pattarawan Leangwattana/ Ms. Teeraporn Siritaweewat | AP39: pattarawan_lea@tdem.toyota-asia.com | AQ39: demand sudden decrease in Nov -33% and sudden increase in Jan 19%
A40: BPK | B40: Packing | E40: 86790-0K171-00 | F40: 86790-0K171-00 | G40: =F40&K40 -> 86790-0K171-00D1 | I40: U325 | J40: CAMERA ASSY TELEVISION | K40: D1 | L40: 975W >>>024J | M40: 16 | P40: 16 | Q40: 32 | R40: 64 | S40: 80 | V40: 64 | W40: 144 | X40: 112 | AA40: =P40-V40 -> -48 | AB40: =Q40-W40 -> -112 | AC40: =R40-X40 -> -48 | AE40: =P40/V40 -> 0.25 | AF40: =Q40/W40 -> 0.22222222 | AG40: =R40/X40 -> 0.57142857 | AJ40: =AA40/V40 -> -0.75 | AK40: =AB40/W40 -> -0.77777778 | AL40: =AC40/X40 -> -0.42857143 | AO40: Ms. Pattarawan Leangwattana/ Ms. Teeraporn Siritaweewat | AP40: pattarawan_lea@tdem.toyota-asia.com
A41: BPK | B41: Packing | E41: 86790-0K171-00 | F41: 86790-0K171-00 | G41: =F41&K41 -> 86790-0K171-00BN | H41: =F41=E41 -> TRUE | I41: U325 | J41: CAMERA ASSY TELEVISION | K41: BN | L41: 975W >>>024J | M41: 8 | N41: BPK | P41: 480 | Q41: 530 | R41: 400 | S41: 390 | V41: 520 | W41: 560 | X41: 420 | AA41: =P41-V41 -> -40 | AB41: =Q41-W41 -> -30 | AC41: =R41-X41 -> -20 | AE41: =P41/V41 -> 0.92307692 | AF41: =Q41/W41 -> 0.94642857 | AG41: =R41/X41 -> 0.95238095 | AJ41: =AA41/V41 -> -0.076923077 | AK41: =AB41/W41 -> -0.053571429 | AL41: =AC41/X41 -> -0.047619048 | AO41: Ms. Pattarawan Leangwattana/ Ms. Teeraporn Siritaweewat | AP41: pattarawan_lea@tdem.toyota-asia.com
A42: BPK | B42: Packing | E42: 86790-0K181-00 | F42: 86790-0K181-00 | G42: =F42&K42 -> 86790-0K181-00D1 | H42: =F42=E42 -> TRUE | I42: U326 | J42: CAMERA ASSY TELEVISION | K42: D1 | L42: 975W >>>024J | M42: 16 | N42: BPK | O42: =LEFT(E42,11)&N42&D42 -> 86790-0K181BPK | P42: 192 | Q42: 224 | R42: 496 | S42: 480 | V42: 464 | W42: 448 | X42: 496 | AA42: =P42-V42 -> -272 | AB42: =Q42-W42 -> -224 | AC42: =R42-X42 -> 0 | AE42: =P42/V42 -> 0.4137931 | AF42: =Q42/W42 -> 0.5 | AG42: =R42/X42 -> 1 | AJ42: =AA42/V42 -> -0.5862069 | AK42: =AB42/W42 -> -0.5 | AL42: =AC42/X42 -> 0 | AN42: x | AO42: Ms. Pattarawan Leangwattana/ Ms. Teeraporn Siritaweewat | AP42: pattarawan_lea@tdem.toyota-asia.com | AQ42: demand sudden decrease in Nov -33% and sudden increase in Jan 19%
A43: BPK | B43: Packing | E43: 86790-0K190-00 | F43: 86790-0K190-00 | G43: =F43&K43 -> 86790-0K190-00D1 | H43: =F43=E43 -> TRUE | I43: T023 | J43: CAMERA ASSY TELEVISION | K43: D1 | L43: 975W >>>024J | M43: 42 | N43: BPK | O43: =LEFT(E43,11)&N43&D43 -> 86790-0K190BPK | P43: 3486 | Q43: 2142 | R43: 3234 | S43: 3654 | V43: 3638 | W43: 2386 | X43: 3492 | AA43: =P43-V43 -> -152 | AB43: =Q43-W43 -> -244 | AC43: =R43-X43 -> -258 | AE43: =P43/V43 -> 0.9582188 | AF43: =Q43/W43 -> 0.8977368 | AG43: =R43/X43 -> 0.92611684 | AJ43: =AA43/V43 -> -0.041781198 | AK43: =AB43/W43 -> -0.1022632 | AL43: =AC43/X43 -> -0.073883162 | AN43: x | AO43: Ms. Pattarawan Leangwattana/ Ms. Teeraporn Siritaweewat | AP43: pattarawan_lea@tdem.toyota-asia.com | AQ43: demand sudden increase in Feb
A44: BPK | B44: Packing | E44: 86790-0K190-00 | F44: 86790-0K190-00 | G44: =F44&K44 -> 86790-0K190-00BN | H44: =F44=E44 -> TRUE | I44: T023 | J44: CAMERA ASSY TELEVISION | K44: BN | L44: 975W >>>024J | M44: 42 | N44: BPK | O44: =LEFT(E44,11)&N44&D44 -> 86790-0K190BPK | P44: 20 | Q44: 80 | R44: 120 | S44: 110 | V44: 0 | W44: 0 | X44: 0 | AA44: =P44-V44 -> 20 | AB44: =Q44-W44 -> 80 | AC44: =R44-X44 -> 120 | AE44: =P44/V44 -> #DIV/0! | AF44: =Q44/W44 -> #DIV/0! | AG44: =R44/X44 -> #DIV/0! | AJ44: =AA44/V44 -> #DIV/0! | AK44: =AB44/W44 -> #DIV/0! | AL44: =AC44/X44 -> #DIV/0! | AN44: x | AO44: Ms. Pattarawan Leangwattana/ Ms. Teeraporn Siritaweewat | AP44: pattarawan_lea@tdem.toyota-asia.com | AQ44: demand sudden increase in Feb
A45: BPK | B45: Packing | D45: 86790-0K110-00 | E45: 86790-0K200-00 | F45: 86790-0K200-00 | G45: =F45&K45 -> 86790-0K200-00D1 | H45: =F45=E45 -> TRUE | I45: T741 | J45: CAMERA ASSY TELEVISION | K45: D1 | L45: 975W >>>024J | M45: 20 | N45: BPK | O45: =LEFT(E45,11)&N45&D45 -> 86790-0K200BPK86790-0K110-00 | P45: 2600 | Q45: 3100 | R45: 2980 | S45: 2760 | T45: BIS | V45: 2460 | W45: 2800 | X45: 3040 | AA45: =P45-V45 -> 140 | AB45: =Q45-W45 -> 300 | AC45: =R45-X45 -> -60 | AE45: =P45/V45 -> 1.0569106 | AF45: =Q45/W45 -> 1.1071429 | AG45: =R45/X45 -> 0.98026316 | AJ45: =AA45/V45 -> 0.056910569 | AK45: =AB45/W45 -> 0.10714286 | AL45: =AC45/X45 -> -0.019736842 | AN45: x | AO45: Ms. Pattarawan Leangwattana/ Ms. Teeraporn Siritaweewat | AP45: pattarawan_lea@tdem.toyota-asia.com | AQ45: demand sudden increase in Feb
A46: BPK | B46: Packing | E46: 86790-0K230-00 | F46: 86790-0K230-00 | G46: =F46&K46 -> 86790-0K230-00D1 | H46: =F46=E46 -> TRUE | I46: U750 | J46: CAMERA ASSY TELEVISION | K46: D1 | L46: 975W >>>024J | M46: 16 | N46: BPK | O46: =LEFT(E46,11)&N46&D46 -> 86790-0K230BPK | P46: 560 | Q46: 304 | R46: 576 | S46: 720 | V46: 560 | W46: 544 | X46: 720 | AA46: =P46-V46 -> 0 | AB46: =Q46-W46 -> -240 | AC46: =R46-X46 -> -144 | AE46: =P46/V46 -> 1 | AF46: =Q46/W46 -> 0.55882353 | AG46: =R46/X46 -> 0.8 | AJ46: =AA46/V46 -> 0 | AK46: =AB46/W46 -> -0.44117647 | AL46: =AC46/X46 -> -0.2 | AN46: x | AO46: Ms. Pattarawan Leangwattana/ Ms. Teeraporn Siritaweewat | AP46: pattarawan_lea@tdem.toyota-asia.com | AQ46: demand sudden decrease in Nov -48% and sudden increase in Jan 35% and Feb
A47: BPK | B47: Packing | E47: 86790-BZ310-00 | F47: 86790-BZ310-00 | G47: =F47&K47 -> 86790-BZ310-00D1 | H47: =F47=E47 -> TRUE | I47: W976 | J47: CAMERA ASSY TELEVISION | K47: D1 | L47: 975W >>>024J | M47: 15 | N47: BPK | O47: =LEFT(E47,11)&N47&D47 -> 86790-BZ310BPK | P47: 8460 | Q47: 6810 | R47: 3420 | S47: 6225 | V47: 8445 | W47: 6870 | X47: 3570 | AA47: =P47-V47 -> 15 | AB47: =Q47-W47 -> -60 | AC47: =R47-X47 -> -150 | AE47: =P47/V47 -> 1.0017762 | AF47: =Q47/W47 -> 0.99126638 | AG47: =R47/X47 -> 0.95798319 | AJ47: =AA47/V47 -> 0.0017761989 | AK47: =AB47/W47 -> -0.0087336245 | AL47: =AC47/X47 -> -0.042016807 | AN47: x | AO47: Ms. Pattarawan Leangwattana/ Ms. Teeraporn Siritaweewat | AP47: pattarawan_lea@tdem.toyota-asia.com | AQ47: demand sudden decrease in Nov -48% and sudden increase in Jan 35% and Feb
E48: 86790-0K130-00 | H48: =F48=E48 -> FALSE | I48: O401 | J48: CAMERA ASSY TELEVISION | K48: D1 | L48: D54H | M48: 20 | N48: BPK | O48: =LEFT(E48,11)&N48&D48 -> 86790-0K130BPK | P48: 0 | Q48: 0 | R48: 0 | S48: 0 | V48: 0 | W48: 0 | X48: 0 | AE48: =P48/V48 -> #DIV/0! | AF48: =Q48/W48 -> #DIV/0! | AG48: =R48/X48 -> #DIV/0! | AJ48: =AA48/V48 -> #DIV/0! | AK48: =AB48/W48 -> #DIV/0! | AL48: =AC48/X48 -> #DIV/0!
K49: sum | AE49: =P49/V49 -> #DIV/0! | AF49: =Q49/W49 -> #DIV/0! | AG49: =R49/X49 -> #DIV/0! | AJ49: =AA49/V49 -> #DIV/0! | AK49: =AB49/W49 -> #DIV/0! | AL49: =AC49/X49 -> #DIV/0!
AE50: =P50/V50 -> #DIV/0! | AF50: =Q50/W50 -> #DIV/0! | AG50: =R50/X50 -> #DIV/0! | AJ50: =AA50/V50 -> #DIV/0! | AK50: =AB50/W50 -> #DIV/0! | AL50: =AC50/X50 -> #DIV/0!
D52: GW | E52: =E29 | I52: =I29 -> NaN | P52: =P29 -> Jan | Q52: =Q29 -> Feb | R52: =R29 -> Mar | S52: =S29 -> Apr | V52: Last Forecast | AE52: Compare FC | AJ52: Compare FC
D53: Sl. No. | E53: Part No. | I53: Part Code | J53: Part Description | K53: Dock Code | L53: Model | M53: Packing Size | N53: Plant | P53: (N) | Q53: N+1 | R53: N+2 | S53: N+3 | V53: (N) | W53: N+1 | X53: N+2 | Y53: N+3 | AE53: (N) | AF53: N+1 | AG53: N+2 | AH53: N+3 | AJ53: (N) | AK53: N+1 | AL53: N+2 | AM53: N+3
A54: GW | B54: Packing | C54: B-MPV | D54: J | E54: 86790-BZ270-00 | F54: 86790-BZ270-00 | G54: =F54&K54 -> 86790-BZ270-00Z1 | H54: =F54=E54 -> TRUE | I54: V641 | J54: CAMERA ASSY TELEVISION | K54: Z1 | L54: D33H | M54: 36 | N54: GW | O54: =LEFT(E54,11)&N54 -> 86790-BZ270GW | P54: 0 | Q54: 0 | R54: 0 | S54: 0 | T54: =SUM(P54:S63) -> 119707 | U54: =T54='GW Daily'!EG23 -> FALSE | V54: 0 | W54: 0 | X54: 0 | AA54: =P54-V54 -> 0 | AB54: =Q54-W54 -> 0 | AC54: =R54-X54 -> 0 | AE54: =P54/V54 -> #DIV/0! | AF54: =Q54/W54 -> #DIV/0! | AG54: =R54/X54 -> #DIV/0! | AJ54: =AA54/V54 -> #DIV/0! | AK54: =AB54/W54 -> #DIV/0! | AL54: =AC54/X54 -> #DIV/0! | AO54: Ms. Pattarawan Leangwattana/ Ms. Teeraporn Siritaweewat | AP54: pattarawan_lea@tdem.toyota-asia.com
A55: GW | B55: Veh | C55: B-SUV | E55: 86790-BZ320-00 | F55: 86790-BZ320-00 | G55: =F55&K55 -> 86790-BZ320-00G2 | H55: =F55=E55 -> TRUE | I55: B801 | J55: CAMERA ASSY TELEVISION | K55: G2 | L55: D46H | M55: 6 | N55: GW | O55: =LEFT(E55,11)&N55 -> 86790-BZ320GW | P55: 0 | Q55: 0 | R55: 0 | S55: 0 | V55: 0 | W55: 0 | X55: 0 | AA55: =P55-V55 -> 0 | AB55: =Q55-W55 -> 0 | AC55: =R55-X55 -> 0 | AE55: =P55/V55 -> #DIV/0! | AF55: =Q55/W55 -> #DIV/0! | AG55: =R55/X55 -> #DIV/0! | AJ55: =AA55/V55 -> #DIV/0! | AK55: =AB55/W55 -> #DIV/0! | AL55: =AC55/X55 -> #DIV/0! | AO55: Tanasan Krittopakarn | AP55: tkrittop@toyota.co.th
A56: GW | B56: Packing | C56: B-MPV | D56: H | E56: 86790-BZ271-00 | F56: 86790-BZ271-00 | G56: =F56&K56 -> 86790-BZ271-00Z1 | H56: =F56=E56 -> TRUE | I56: A055 | J56: CAMERA ASSY TELEVISION | K56: Z1 | L56: D33H | M56: 1 | P56: 1872 | Q56: 1980 | R56: 1584 | S56: 1944 | V56: 1980 | W56: 1764 | X56: 1620 | AA56: =P56-V56 -> -108 | AB56: =Q56-W56 -> 216 | AC56: =R56-X56 -> -36 | AE56: =P56/V56 -> 0.94545455 | AF56: =Q56/W56 -> 1.122449 | AG56: =R56/X56 -> 0.97777778 | AJ56: =AA56/V56 -> -0.054545455 | AK56: =AB56/W56 -> 0.12244898 | AL56: =AC56/X56 -> -0.022222222 | AN56: x | AQ56: demand sudden decrease in Dec -20% and sudden increase in Feb
A57: GW | B57: Packing | C57: B-MPV | D57: J | E57: 86790-BZ280-00 | F57: 86790-BZ280-00 | G57: =F57&K57 -> 86790-BZ280-00Z1 | H57: =F57=E57 -> TRUE | I57: V642 | J57: CAMERA ASSY TELEVISION | K57: Z1 | L57: D33H | M57: 10 | N57: GW | O57: =LEFT(E57,11)&N57 -> 86790-BZ280GW | P57: 6440 | Q57: 6540 | R57: 6660 | S57: 6010 | V57: 6560 | W57: 6240 | X57: 6480 | AA57: =P57-V57 -> -120 | AB57: =Q57-W57 -> 300 | AC57: =R57-X57 -> 180 | AE57: =P57/V57 -> 0.98170732 | AF57: =Q57/W57 -> 1.0480769 | AG57: =R57/X57 -> 1.0277778 | AJ57: =AA57/V57 -> -0.018292683 | AK57: =AB57/W57 -> 0.048076923 | AL57: =AC57/X57 -> 0.027777778 | AN57: x | AO57: Ms. Pattarawan Leangwattana/ Ms. Teeraporn Siritaweewat | AP57: teeraporn_sir@tdem.toyota-asia.com | AQ57: demand sudden decrease in Dec -20% and sudden increase in Feb
A58: GW | B58: Veh | C58: DG7 | E58: 86790-BZ210-00 | F58: 86790-BZ210-00 | G58: =F58&K58 -> 86790-BZ210-00G2 | H58: =F58=E58 -> TRUE | I58: 5U62 | J58: CAMERA ASSY TELEVISION | K58: G2 | L58: D41H | M58: 21 | N58: GW | O58: =LEFT(E58,11)&N58 -> 86790-BZ210GW | P58: 10247 | Q58: 10832 | R58: 8439 | S58: 6362 | V58: 10247 | W58: 10861 | X58: 7479 | AA58: =P58-V58 -> 0 | AB58: =Q58-W58 -> -29 | AC58: =R58-X58 -> 960 | AE58: =P58/V58 -> 1 | AF58: =Q58/W58 -> 0.9973299 | AG58: =R58/X58 -> 1.1283594 | AJ58: =AA58/V58 -> 0 | AK58: =AB58/W58 -> -0.002670104 | AL58: =AC58/X58 -> 0.12835941 | AO58: Ittipat Wongchaikul | AP58: iwongcha@toyota.co.th
A59: GW | B59: Veh | C59: DG7 | E59: 86790-BZ220-00 | F59: 86790-BZ220-00 | G59: =F59&K59 -> 86790-BZ220-00G2 | H59: =F59=E59 -> TRUE | I59: 5U63 | J59: CAMERA ASSY TELEVISION | K59: G2 | L59: D41H | M59: 8 | N59: GW | O59: =LEFT(E59,11)&N59 -> 86790-BZ220GW | P59: 842 | Q59: 894 | R59: 1112 | S59: 860 | V59: 842 | W59: 1194 | X59: 1182 | AA59: =P59-V59 -> 0 | AB59: =Q59-W59 -> -300 | AC59: =R59-X59 -> -70 | AE59: =P59/V59 -> 1 | AF59: =Q59/W59 -> 0.74874372 | AG59: =R59/X59 -> 0.94077834 | AJ59: =AA59/V59 -> 0 | AK59: =AB59/W59 -> -0.25125628 | AL59: =AC59/X59 -> -0.059221658 | AO59: Ittipat Wongchaikul | AP59: iwongcha@toyota.co.th
A60: GW | B60: Packing | C60: B-SUV | D60: J- SN1 | E60: 86790-BZ310-00 | F60: 86790-BZ310-00 | G60: =F60&K60 -> 86790-BZ310-00Z1 | H60: =F60=E60 -> TRUE | I60: W611 | J60: CAMERA ASSY TELEVISION | K60: Z1 | L60: D46H | M60: 12 | N60: GW | O60: =LEFT(E60,11)&N60 -> 86790-BZ310GW | P60: 3225 | Q60: 3015 | R60: 2940 | S60: 2670 | V60: 3195 | W60: 2970 | X60: 2910 | AA60: =P60-V60 -> 30 | AB60: =Q60-W60 -> 45 | AC60: =R60-X60 -> 30 | AE60: =P60/V60 -> 1.0093897 | AF60: =Q60/W60 -> 1.0151515 | AG60: =R60/X60 -> 1.0103093 | AJ60: =AA60/V60 -> 0.0093896714 | AK60: =AB60/W60 -> 0.015151515 | AL60: =AC60/X60 -> 0.010309278 | AO60: Ms. Pattarawan Leangwattana/ Ms. Teeraporn Siritaweewat
A61: GW | B61: Veh | C61: B-SUV | D61: J | E61: 86790-BZ310-00 | F61: 86790-BZ310-00 | G61: =F61&K61 -> 86790-BZ310-00G2 | H61: =F61=E61 -> TRUE | I61: B800 | J61: CAMERA ASSY TELEVISION | K61: G2 | L61: D46H | M61: 15 | N61: GW | O61: =LEFT(E61,11)&N61 -> 86790-BZ310GW | P61: 3149 | Q61: 3701 | R61: 4374 | S61: 3352 | V61: 3149 | W61: 3701 | X61: 4586 | AA61: =P61-V61 -> 0 | AB61: =Q61-W61 -> 0 | AC61: =R61-X61 -> -212 | AE61: =P61/V61 -> 1 | AF61: =Q61/W61 -> 1 | AG61: =R61/X61 -> 0.95377235 | AJ61: =AA61/V61 -> 0 | AK61: =AB61/W61 -> 0 | AL61: =AC61/X61 -> -0.046227649 | AN61: x | AO61: Tanasan Krittopakarn | AP61: tkrittop@toyota.co.th | AQ61: demand sudden decrease in Dec -20% and sudden increase in Jan 30%
A62: GW | B62: Veh | C62: B-SUV | D62: add | E62: 86790-BZ321-00 | F62: 86790-BZ321-00 | G62: =F62&K62 -> 86790-BZ321-00G2 | H62: =F62=E62 -> TRUE | I62: B901 | J62: CAMERA ASSY TELEVISION | K62: G2 | L62: D46H | M62: 6 | N62: GW | O62: =LEFT(E62,11)&N62 -> 86790-BZ321GW | P62: 1890 | Q62: 1755 | R62: 2441 | S62: 1957 | V62: 1890 | W62: 1615 | X62: 2321 | AA62: =P62-V62 -> 0 | AB62: =Q62-W62 -> 140 | AC62: =R62-X62 -> 120 | AE62: =P62/V62 -> 1 | AF62: =Q62/W62 -> 1.0866873 | AG62: =R62/X62 -> 1.0517019 | AJ62: =AA62/V62 -> 0 | AK62: =AB62/W62 -> 0.086687307 | AL62: =AC62/X62 -> 0.051701853 | AN62: x | AO62: Tanasan Krittopakarn | AP62: tkrittop@toyota.co.th | AQ62: demand sudden decrease in Dec -20% and sudden increase in Jan 30%
D63: add | E63: 86790-BZ350-00 | I63: 17U2 | J63: CAMERA ASSY TELEVISION | K63: G2 | L63: D41H | M63: 8 | P63: 4529 | Q63: 2525 | R63: 2974 | S63: 2592 | V63: 4529 | W63: 2525 | X63: 2443 | AA63: =P63-V63 -> 0 | AB63: =Q63-W63 -> 0 | AC63: =R63-X63 -> 531 | AJ63: =AA63/V63 -> 0 | AK63: =AB63/W63 -> 0 | AL63: =AC63/X63 -> 0.21735571
E65: 86790-BZ271-00 | F65: =E65=E56 -> TRUE
E66: 86790-BZ280-00 | F66: =E66=E57 -> TRUE
E67: 86790-BZ210-00 | F67: =E67=E58 -> TRUE
E68: 86790-BZ220-00 | F68: =E68=E59 -> TRUE
E69: 86790-BZ310-00 | F69: =E69=E60 -> TRUE
E70: 86790-BZ310-00 | F70: =E70=E61 -> TRUE
E71: 86790-BZ321-00 | F71: =E71=E62 -> TRUE

Sheet BP Daily
A1: HEADER | B1: Part No. | C1: Part name | D1: Kanban No. | E1: Start From #Order No. | F1: Remain Order Q'ty (Pcs.) | G1: pending PO Dec | H1: Actual
A2: PLANT CODE | B2: 867900K05100 | C2: CAMERA ASSY TELEVISION | D2: I338 | E2: 2025121601 | F2: 6372 | G2: 659 | H2: =F2-G2 -> 5713
A3: PART TYPE | B3: 867900K14100 | C3: CAMERA ASSY TELEVISION | D3: F165 | E3: 2025121601 | F3: 741 | G3: 152 | H3: =F3-G3 -> 589
A4: PRODUCTION MONTH | B4: 867900K17100 | C4: CAMERA ASSY TELEVISION | D4: F320 | E4: 2025121601 | F4: 1407 | G4: 140 | H4: =F4-G4 -> 1267
A5: REVISION TYPE | B5: 867900K23000 | C5: CAMERA ASSY TELEVISION | D5: F530 | E5: 2025121601 | F5: 2911 | G5: 289 | H5: =F5-G5 -> 2622
A6: FORECAST TYPE | B6: F
A7: WOC WEEK | B7: 00-00
A8: REVISION NUMBER | B8: 0
A9: ISSUE DATE | B9: 23/05/2025
A10: REMARKS
A11: DETAILS
Y12: N | BE12: N+1 | CK12: N+2 | DQ12: N+3
A13: PART NUMBER | B13: PART CODE | C13: PART DESC | D13: SUPP CODE | E13: SHIPPING DOCK | F13: DOCK CODE | G13: CAR FAMILY | H13: PACKING SIZE | I13: 1 | J13: 2 | K13: 3 | L13: 4 | M13: 5 | N13: 6 | O13: 7 | P13: 8 | Q13: 9 | R13: 10 | S13: 11 | T13: 12 | U13: 13 | V13: 14 | W13: 15 | X13: 16 | Y13: 17 | Z13: 18 | AA13: 19 | AB13: 20 | AC13: 21 | AD13: 22 | AE13: 23 | AF13: 24 | AG13: 25 | AH13: 26 | AI13: 27 | AJ13: 28 | AK13: 29 | AL13: 30 | AM13: 31 | AN13: N | AO13: 1 | AP13: 2 | AQ13: 3 | AR13: 4 | AS13: 5 | AT13: 6 | AU13: 7 | AV13: 8 | AW13: 9 | AX13: 10 | AY13: 11 | AZ13: 12 | BA13: 13 | BB13: 14 | BC13: 15 | BD13: 16 | BE13: 17 | BF13: 18 | BG13: 19 | BH13: 20 | BI13: 21 | BJ13: 22 | BK13: 23 | BL13: 24 | BM13: 25 | BN13: 26 | BO13: 27 | BP13: 28 | BQ13: 29 | BR13: 30 | BS13: 31 | BT13: N+1 | BU13: 1 | BV13: 2 | BW13: 3 | BX13: 4 | BY13: 5 | BZ13: 6 | CA13: 7 | CB13: 8 | CC13: 9 | CD13: 10 | CE13: 11 | CF13: 12 | CG13: 13 | CH13: 14 | CI13: 15 | CJ13: 16 | CK13: 17 | CL13: 18 | CM13: 19 | CN13: 20 | CO13: 21 | CP13: 22 | CQ13: 23 | CR13: 24 | CS13: 25 | CT13: 26 | CU13: 27 | CV13: 28 | CW13: 29 | CX13: 30 | CY13: 31 | CZ13: N+2 | DA13: 1 | DB13: 2 | DC13: 3 | DD13: 4 | DE13: 5 | DF13: 6 | DG13: 7 | DH13: 8 | DI13: 9 | DJ13: 10 | DK13: 11 | DL13: 12 | DM13: 13 | DN13: 14 | DO13: 15 | DP13: 16 | DQ13: 17 | DR13: 18 | DS13: 19 | DT13: 20 | DU13: 21 | DV13: 22 | DW13: 23 | DX13: 24 | DY13: 25 | DZ13: 26 | EA13: 27 | EB13: 28 | EC13: 29 | ED13: 30 | EE13: 31 | EF13: N+3
A14: 86790-0K051-00 | B14: I338 | C14: CAMERA ASSY TELEVISION | D14: TTETA | E14: MS | F14: P1 | G14: 024J | H14: 25 | I14: 0 | J14: 87 | K14: 85 | L14: 79 | M14: 83 | N14: 83 | O14: 0 | P14: 0 | Q14: 88 | R14: 89 | S14: 88 | T14: 92 | U14: 90 | V14: 77 | W14: 0 | X14: 91 | Y14: 91 | Z14: 88 | AA14: 93 | AB14: 85 | AC14: 0 | AD14: 0 | AE14: 85 | AF14: 89 | AG14: 76 | AH14: 84 | AI14: 84 | AJ14: 84 | AK14: 0 | AL14: 0 | AM14: 0 | AN14: 1891 | AO14: 0 | AP14: 0 | AQ14: 0 | AR14: 83 | AS14: 84 | AT14: 83 | AU14: 39 | AV14: 0 | AW14: 79 | AX14: 79 | AY14: 79 | AZ14: 80 | BA14: 70 | BB14: 65 | BC14: 0 | BD14: 77 | BE14: 80 | BF14: 67 | BG14: 77 | BH14: 76 | BI14: 73 | BJ14: 0 | BK14: 72 | BL14: 69 | BM14: 55 | BN14: 68 | BO14: 61 | BP14: 49 | BQ14: 0 | BR14: 61 | BS14: 51 | BT14: 1677 | BU14: 50 | BV14: 50 | BW14: 50 | BX14: 25 | BY14: 0 | BZ14: 50 | CA14: 50 | CB14: 50 | CC14: 50 | CD14: 49 | CE14: 0 | CF14: 0 | CG14: 0 | CH14: 0 | CI14: 0 | CJ14: 0 | CK14: 0 | CL14: 0 | CM14: 0 | CN14: 50 | CO14: 49 | CP14: 50 | CQ14: 49 | CR14: 50 | CS14: 49 | CT14: 0 | CU14: 50 | CV14: 49 | CW14: 50 | CX14: 49 | CY14: 0 | CZ14: 919 | DA14: 0 | DB14: 0 | DC14: 0 | DD14: 0 | DE14: 0 | DF14: 0 | DG14: 0 | DH14: 0 | DI14: 0 | DJ14: 0 | DK14: 0 | DL14: 0 | DM14: 0 | DN14: 0 | DO14: 0 | DP14: 0 | DQ14: 0 | DR14: 0 | DS14: 0 | DT14: 0 | DU14: 0 | DV14: 0 | DW14: 0 | DX14: 0 | DY14: 0 | DZ14: 0 | EA14: 0 | EB14: 0 | EC14: 0 | ED14: 0 | EE14: 0 | EF14: 0 | EL14: =EJ14=A14 -> TRUE
A15: 86790-0K080-00 | B15: A369 | C15: CAMERA ASSY TELEVISION | D15: TTETA | E15: MS | F15: P1 | G15: 024J | H15: 42 | I15: 0 | J15: 12 | K15: 15 | L15: 12 | M15: 12 | N15: 12 | O15: 0 | P15: 0 | Q15: 17 | R15: 15 | S15: 13 | T15: 12 | U15: 15 | V15: 13 | W15: 0 | X15: 17 | Y15: 14 | Z15: 13 | AA15: 14 | AB15: 14 | AC15: 0 | AD15: 0 | AE15: 16 | AF15: 12 | AG15: 12 | AH15: 13 | AI15: 14 | AJ15: 12 | AK15: 0 | AL15: 0 | AM15: 0 | AN15: 299 | AO15: 0 | AP15: 0 | AQ15: 0 | AR15: 3 | AS15: 5 | AT15: 2 | AU15: 2 | AV15: 0 | AW15: 3 | AX15: 4 | AY15: 2 | AZ15: 3 | BA15: 3 | BB15: 3 | BC15: 0 | BD15: 5 | BE15: 1 | BF15: 4 | BG15: 2 | BH15: 3 | BI15: 3 | BJ15: 0 | BK15: 3 | BL15: 3 | BM15: 2 | BN15: 3 | BO15: 2 | BP15: 2 | BQ15: 0 | BR15: 3 | BS15: 1 | BT15: 67 | BU15: 0 | BV15: 0 | BW15: 0 | BX15: 0 | BY15: 0 | BZ15: 0 | CA15: 0 | CB15: 0 | CC15: 0 | CD15: 0 | CE15: 0 | CF15: 0 | CG15: 0 | CH15: 0 | CI15: 0 | CJ15: 0 | CK15: 0 | CL15: 0 | CM15: 0 | CN15: 0 | CO15: 0 | CP15: 0 | CQ15: 0 | CR15: 0 | CS15: 0 | CT15: 0 | CU15: 0 | CV15: 0 | CW15: 0 | CX15: 0 | CY15: 0 | CZ15: 0 | DA15: 0 | DB15: 0 | DC15: 0 | DD15: 0 | DE15: 0 | DF15: 0 | DG15: 0 | DH15: 0 | DI15: 0 | DJ15: 0 | DK15: 0 | DL15: 0 | DM15: 0 | DN15: 0 | DO15: 0 | DP15: 0 | DQ15: 0 | DR15: 0 | DS15: 0 | DT15: 0 | DU15: 0 | DV15: 0 | DW15: 0 | DX15: 0 | DY15: 0 | DZ15: 0 | EA15: 0 | EB15: 0 | EC15: 0 | ED15: 0 | EE15: 0 | EF15: 0 | EL15: =EJ15=A15 -> TRUE
A16: 86790-0K110-00 | B16: A370 | C16: CAMERA ASSY TELEVISION | D16: TTETA | E16: MS | F16: P1 | G16: 024J | H16: 18 | I16: 0 | J16: 54 | K16: 54 | L16: 51 | M16: 54 | N16: 49 | O16: 0 | P16: 0 | Q16: 58 | R16: 60 | S16: 54 | T16: 58 | U16: 56 | V16: 49 | W16: 0 | X16: 60 | Y16: 55 | Z16: 56 | AA16: 57 | AB16: 57 | AC16: 0 | AD16: 0 | AE16: 56 | AF16: 52 | AG16: 51 | AH16: 54 | AI16: 54 | AJ16: 52 | AK16: 0 | AL16: 0 | AM16: 0 | AN16: 1201 | AO16: 0 | AP16: 0 | AQ16: 0 | AR16: 49 | AS16: 48 | AT16: 49 | AU16: 20 | AV16: 0 | AW16: 44 | AX16: 43 | AY16: 48 | AZ16: 42 | BA16: 41 | BB16: 38 | BC16: 0 | BD16: 43 | BE16: 44 | BF16: 38 | BG16: 47 | BH16: 38 | BI16: 43 | BJ16: 0 | BK16: 43 | BL16: 38 | BM16: 31 | BN16: 39 | BO16: 37 | BP16: 28 | BQ16: 0 | BR16: 36 | BS16: 31 | BT16: 958 | BU16: 30 | BV16: 30 | BW16: 30 | BX16: 15 | BY16: 0 | BZ16: 29 | CA16: 30 | CB16: 29 | CC16: 30 | CD16: 29 | CE16: 0 | CF16: 0 | CG16: 0 | CH16: 0 | CI16: 0 | CJ16: 0 | CK16: 0 | CL16: 0 | CM16: 0 | CN16: 30 | CO16: 29 | CP16: 30 | CQ16: 29 | CR16: 30 | CS16: 29 | CT16: 0 | CU16: 30 | CV16: 29 | CW16: 30 | CX16: 29 | CY16: 0 | CZ16: 547 | DA16: 0 | DB16: 0 | DC16: 0 | DD16: 53 | DE16: 53 | DF16: 53 | DG16: 53 | DH16: 53 | DI16: 53 | DJ16: 0 | DK16: 53 | DL16: 53 | DM16: 52 | DN16: 53 | DO16: 52 | DP16: 26 | DQ16: 0 | DR16: 53 | DS16: 53 | DT16: 52 | DU16: 53 | DV16: 52 | DW16: 53 | DX16: 0 | DY16: 52 | DZ16: 53 | EA16: 52 | EB16: 53 | EC16: 52 | ED16: 0 | EE16: 0 | EF16: 1185 | EL16: =EJ16=A16 -> TRUE
A17: 86790-0K141-00 | B17: F165 | C17: CAMERA ASSY TELEVISION | D17: TTETA | E17: MS | F17: P1 | G17: 024J | H17: 8 | I17: 0 | J17: 11 | K17: 10 | L17: 10 | M17: 11 | N17: 10 | O17: 0 | P17: 0 | Q17: 9 | R17: 12 | S17: 9 | T17: 12 | U17: 10 | V17: 11 | W17: 0 | X17: 13 | Y17: 11 | Z17: 11 | AA17: 10 | AB17: 11 | AC17: 0 | AD17: 0 | AE17: 8 | AF17: 12 | AG17: 10 | AH17: 10 | AI17: 10 | AJ17: 11 | AK17: 0 | AL17: 0 | AM17: 0 | AN17: 232 | AO17: 0 | AP17: 0 | AQ17: 0 | AR17: 16 | AS17: 18 | AT17: 17 | AU17: 8 | AV17: 0 | AW17: 16 | AX17: 16 | AY17: 17 | AZ17: 16 | BA17: 14 | BB17: 13 | BC17: 0 | BD17: 16 | BE17: 15 | BF17: 13 | BG17: 16 | BH17: 15 | BI17: 15 | BJ17: 0 | BK17: 14 | BL17: 13 | BM17: 10 | BN17: 13 | BO17: 13 | BP17: 9 | BQ17: 0 | BR17: 13 | BS17: 10 | BT17: 336 | BU17: 3 | BV17: 3 | BW17: 3 | BX17: 2 | BY17: 0 | BZ17: 3 | CA17: 3 | CB17: 3 | CC17: 3 | CD17: 3 | CE17: 0 | CF17: 0 | CG17: 0 | CH17: 0 | CI17: 0 | CJ17: 0 | CK17: 0 | CL17: 0 | CM17: 0 | CN17: 3 | CO17: 3 | CP17: 3 | CQ17: 3 | CR17: 4 | CS17: 3 | CT17: 0 | CU17: 4 | CV17: 3 | CW17: 4 | CX17: 3 | CY17: 0 | CZ17: 59 | DA17: 0 | DB17: 0 | DC17: 0 | DD17: 0 | DE17: 0 | DF17: 0 | DG17: 0 | DH17: 0 | DI17: 0 | DJ17: 0 | DK17: 0 | DL17: 0 | DM17: 0 | DN17: 0 | DO17: 0 | DP17: 0 | DQ17: 0 | DR17: 0 | DS17: 0 | DT17: 0 | DU17: 0 | DV17: 0 | DW17: 0 | DX17: 0 | DY17: 0 | DZ17: 0 | EA17: 0 | EB17: 0 | EC17: 0 | ED17: 0 | EE17: 0 | EF17: 0 | EL17: =EJ17=A17 -> TRUE
A18: 86790-0K171-00 | B18: F320 | C18: CAMERA ASSY TELEVISION | D18: TTETA | E18: MS | F18: P1 | G18: 024J | H18: 8 | I18: 0 | J18: 20 | K18: 21 | L18: 22 | M18: 19 | N18: 21 | O18: 0 | P18: 0 | Q18: 28 | R18: 23 | S18: 23 | T18: 21 | U18: 22 | V18: 22 | W18: 0 | X18: 24 | Y18: 22 | Z18: 22 | AA18: 24 | AB18: 20 | AC18: 0 | AD18: 0 | AE18: 28 | AF18: 22 | AG18: 17 | AH18: 23 | AI18: 21 | AJ18: 20 | AK18: 0 | AL18: 0 | AM18: 0 | AN18: 485 | AO18: 0 | AP18: 0 | AQ18: 0 | AR18: 17 | AS18: 20 | AT18: 19 | AU18: 10 | AV18: 0 | AW18: 19 | AX18: 20 | AY18: 16 | AZ18: 22 | BA18: 15 | BB18: 17 | BC18: 0 | BD18: 18 | BE18: 22 | BF18: 16 | BG18: 18 | BH18: 18 | BI18: 17 | BJ18: 0 | BK18: 19 | BL18: 17 | BM18: 14 | BN18: 18 | BO18: 12 | BP18: 13 | BQ18: 0 | BR18: 12 | BS18: 13 | BT18: 402 | BU18: 16 | BV18: 16 | BW18: 16 | BX18: 8 | BY18: 0 | BZ18: 16 | CA18: 16 | CB18: 16 | CC18: 16 | CD18: 16 | CE18: 0 | CF18: 0 | CG18: 0 | CH18: 0 | CI18: 0 | CJ18: 0 | CK18: 0 | CL18: 0 | CM18: 0 | CN18: 16 | CO18: 16 | CP18: 16 | CQ18: 16 | CR18: 17 | CS18: 16 | CT18: 0 | CU18: 17 | CV18: 16 | CW18: 17 | CX18: 16 | CY18: 0 | CZ18: 299 | DA18: 0 | DB18: 0 | DC18: 0 | DD18: 0 | DE18: 0 | DF18: 0 | DG18: 0 | DH18: 0 | DI18: 0 | DJ18: 0 | DK18: 0 | DL18: 0 | DM18: 0 | DN18: 0 | DO18: 0 | DP18: 0 | DQ18: 0 | DR18: 0 | DS18: 0 | DT18: 0 | DU18: 0 | DV18: 0 | DW18: 0 | DX18: 0 | DY18: 0 | DZ18: 0 | EA18: 0 | EB18: 0 | EC18: 0 | ED18: 0 | EE18: 0 | EF18: 0 | EL18: =EJ18=A18 -> TRUE
A19: 86790-0K181-00 | B19: F323 | C19: CAMERA ASSY TELEVISION | D19: TTETA | E19: MS | F19: P1 | G19: 024J | H19: 8 | I19: 0 | J19: 4 | K19: 3 | L19: 2 | M19: 4 | N19: 3 | O19: 0 | P19: 0 | Q19: 3 | R19: 4 | S19: 3 | T19: 3 | U19: 3 | V19: 3 | W19: 0 | X19: 3 | Y19: 3 | Z19: 3 | AA19: 4 | AB19: 4 | AC19: 0 | AD19: 0 | AE19: 2 | AF19: 3 | AG19: 4 | AH19: 3 | AI19: 2 | AJ19: 4 | AK19: 0 | AL19: 0 | AM19: 0 | AN19: 70 | AO19: 0 | AP19: 0 | AQ19: 0 | AR19: 0 | AS19: 0 | AT19: 1 | AU19: 0 | AV19: 0 | AW19: 0 | AX19: 0 | AY19: 1 | AZ19: 0 | BA19: 0 | BB19: 0 | BC19: 0 | BD19: 0 | BE19: 1 | BF19: 0 | BG19: 0 | BH19: 0 | BI19: 0 | BJ19: 0 | BK19: 0 | BL19: 1 | BM19: 0 | BN19: 0 | BO19: 0 | BP19: 0 | BQ19: 0 | BR19: 0 | BS19: 0 | BT19: 4 | BU19: 0 | BV19: 0 | BW19: 0 | BX19: 0 | BY19: 0 | BZ19: 0 | CA19: 0 | CB19: 0 | CC19: 0 | CD19: 0 | CE19: 0 | CF19: 0 | CG19: 0 | CH19: 0 | CI19: 0 | CJ19: 0 | CK19: 0 | CL19: 0 | CM19: 0 | CN19: 0 | CO19: 0 | CP19: 0 | CQ19: 0 | CR19: 0 | CS19: 0 | CT19: 0 | CU19: 1 | CV19: 0 | CW19: 1 | CX19: 0 | CY19: 0 | CZ19: 2 | DA19: 0 | DB19: 0 | DC19: 0 | DD19: 1 | DE19: 1 | DF19: 1 | DG19: 1 | DH19: 1 | DI19: 1 | DJ19: 0 | DK19: 1 | DL19: 1 | DM19: 0 | DN19: 1 | DO19: 0 | DP19: 0 | DQ19: 0 | DR19: 1 | DS19: 1 | DT19: 0 | DU19: 1 | DV19: 0 | DW19: 1 | DX19: 0 | DY19: 0 | DZ19: 1 | EA19: 0 | EB19: 1 | EC19: 0 | ED19: 0 | EE19: 0 | EF19: 15 | EL19: =EJ19=A19 -> TRUE
A20: 86790-0K190-00 | B20: D331 | C20: CAMERA ASSY TELEVISION | D20: TTETA | E20: MS | F20: P1 | G20: 024J | H20: 6 | I20: 0 | J20: 26 | K20: 29 | L20: 25 | M20: 26 | N20: 26 | O20: 0 | P20: 0 | Q20: 28 | R20: 29 | S20: 30 | T20: 28 | U20: 28 | V20: 25 | W20: 0 | X20: 30 | Y20: 28 | Z20: 27 | AA20: 31 | AB20: 27 | AC20: 0 | AD20: 0 | AE20: 27 | AF20: 29 | AG20: 23 | AH20: 27 | AI20: 29 | AJ20: 25 | AK20: 0 | AL20: 0 | AM20: 0 | AN20: 603 | AO20: 0 | AP20: 0 | AQ20: 0 | AR20: 37 | AS20: 35 | AT20: 34 | AU20: 16 | AV20: 0 | AW20: 33 | AX20: 32 | AY20: 35 | AZ20: 33 | BA20: 28 | BB20: 26 | BC20: 0 | BD20: 33 | BE20: 32 | BF20: 29 | BG20: 34 | BH20: 29 | BI20: 31 | BJ20: 0 | BK20: 32 | BL20: 26 | BM20: 23 | BN20: 29 | BO20: 25 | BP20: 18 | BQ20: 0 | BR20: 28 | BS20: 21 | BT20: 699 | BU20: 18 | BV20: 18 | BW20: 18 | BX20: 9 | BY20: 0 | BZ20: 18 | CA20: 18 | CB20: 18 | CC20: 18 | CD20: 18 | CE20: 0 | CF20: 0 | CG20: 0 | CH20: 0 | CI20: 0 | CJ20: 0 | CK20: 0 | CL20: 0 | CM20: 0 | CN20: 18 | CO20: 18 | CP20: 18 | CQ20: 18 | CR20: 18 | CS20: 18 | CT20: 0 | CU20: 18 | CV20: 18 | CW20: 18 | CX20: 17 | CY20: 0 | CZ20: 332 | DA20: 0 | DB20: 0 | DC20: 0 | DD20: 32 | DE20: 32 | DF20: 32 | DG20: 32 | DH20: 32 | DI20: 32 | DJ20: 0 | DK20: 32 | DL20: 33 | DM20: 32 | DN20: 33 | DO20: 32 | DP20: 16 | DQ20: 0 | DR20: 33 | DS20: 33 | DT20: 32 | DU20: 33 | DV20: 32 | DW20: 33 | DX20: 0 | DY20: 32 | DZ20: 33 | EA20: 32 | EB20: 33 | EC20: 32 | ED20: 0 | EE20: 0 | EF20: 728 | EL20: =EJ20=A20 -> TRUE
A21: 86790-0K230-00 | B21: F530 | C21: CAMERA ASSY TELEVISION | D21: TTETA | E21: MS | F21: P1 | G21: 024J | H21: 10 | I21: 0 | J21: 30 | K21: 30 | L21: 25 | M21: 27 | N21: 28 | O21: 0 | P21: 0 | Q21: 25 | R21: 29 | S21: 31 | T21: 31 | U21: 31 | V21: 17 | W21: 0 | X21: 26 | Y21: 33 | Z21: 29 | AA21: 34 | AB21: 29 | AC21: 0 | AD21: 0 | AE21: 24 | AF21: 30 | AG21: 24 | AH21: 26 | AI21: 31 | AJ21: 28 | AK21: 0 | AL21: 0 | AM21: 0 | AN21: 618 | AO21: 0 | AP21: 0 | AQ21: 0 | AR21: 40 | AS21: 36 | AT21: 37 | AU21: 15 | AV21: 0 | AW21: 35 | AX21: 34 | AY21: 36 | AZ21: 34 | BA21: 31 | BB21: 29 | BC21: 0 | BD21: 32 | BE21: 30 | BF21: 31 | BG21: 34 | BH21: 33 | BI21: 33 | BJ21: 0 | BK21: 31 | BL21: 28 | BM21: 26 | BN21: 29 | BO21: 26 | BP21: 21 | BQ21: 0 | BR21: 28 | BS21: 24 | BT21: 733 | BU21: 22 | BV21: 22 | BW21: 22 | BX21: 11 | BY21: 0 | BZ21: 22 | CA21: 22 | CB21: 22 | CC21: 22 | CD21: 22 | CE21: 0 | CF21: 0 | CG21: 0 | CH21: 0 | CI21: 0 | CJ21: 0 | CK21: 0 | CL21: 0 | CM21: 0 | CN21: 22 | CO21: 22 | CP21: 22 | CQ21: 22 | CR21: 22 | CS21: 22 | CT21: 0 | CU21: 22 | CV21: 22 | CW21: 22 | CX21: 21 | CY21: 0 | CZ21: 406 | DA21: 0 | DB21: 0 | DC21: 0 | DD21: 0 | DE21: 0 | DF21: 0 | DG21: 0 | DH21: 0 | DI21: 0 | DJ21: 0 | DK21: 0 | DL21: 0 | DM21: 0 | DN21: 0 | DO21: 0 | DP21: 0 | DQ21: 0 | DR21: 0 | DS21: 0 | DT21: 0 | DU21: 0 | DV21: 0 | DW21: 0 | DX21: 0 | DY21: 0 | DZ21: 0 | EA21: 0 | EB21: 0 | EC21: 0 | ED21: 0 | EE21: 0 | EF21: 0 | EL21: =EJ21=A21 -> TRUE
A22: 86790-0K310-00 | B22: AU19 | C22: CAMERA ASSY TELEVISION | D22: TTETA | F22: E1 | G22: 025J | H22: 25 | I22: 0 | J22: 10 | K22: 9 | L22: 10 | M22: 11 | N22: 8 | O22: 0 | P22: 0 | Q22: 9 | R22: 9 | S22: 9 | T22: 11 | U22: 9 | V22: 8 | W22: 0 | X22: 10 | Y22: 10 | Z22: 10 | AA22: 9 | AB22: 10 | AC22: 0 | AD22: 0 | AE22: 7 | AF22: 8 | AG22: 8 | AH22: 10 | AI22: 7 | AJ22: 9 | AK22: 0 | AL22: 0 | AM22: 0 | AN22: 201 | AO22: 0 | AP22: 0 | AQ22: 0 | AR22: 8 | AS22: 6 | AT22: 7 | AU22: 0 | AV22: 0 | AW22: 7 | AX22: 6 | AY22: 6 | AZ22: 8 | BA22: 7 | BB22: 6 | BC22: 0 | BD22: 7 | BE22: 5 | BF22: 7 | BG22: 6 | BH22: 7 | BI22: 0 | BJ22: 0 | BK22: 6 | BL22: 6 | BM22: 7 | BN22: 6 | BO22: 7 | BP22: 6 | BQ22: 0 | BR22: 7 | BS22: 6 | BT22: 144 | BU22: 4 | BV22: 4 | BW22: 4 | BX22: 2 | BY22: 0 | BZ22: 4 | CA22: 4 | CB22: 4 | CC22: 4 | CD22: 4 | CE22: 0 | CF22: 0 | CG22: 0 | CH22: 0 | CI22: 0 | CJ22: 0 | CK22: 0 | CL22: 0 | CM22: 0 | CN22: 5 | CO22: 4 | CP22: 5 | CQ22: 4 | CR22: 5 | CS22: 4 | CT22: 0 | CU22: 5 | CV22: 4 | CW22: 5 | CX22: 4 | CY22: 0 | CZ22: 79 | DA22: 0 | DB22: 0 | DC22: 0 | DD22: 9 | DE22: 9 | DF22: 9 | DG22: 9 | DH22: 9 | DI22: 9 | DJ22: 0 | DK22: 9 | DL22: 9 | DM22: 9 | DN22: 9 | DO22: 9 | DP22: 4 | DQ22: 0 | DR22: 9 | DS22: 9 | DT22: 9 | DU22: 9 | DV22: 9 | DW22: 9 | DX22: 0 | DY22: 9 | DZ22: 9 | EA22: 8 | EB22: 9 | EC22: 8 | ED22: 0 | EE22: 0 | EF22: 200
A23: 86790-0K310-00 | B23: AU19 | C23: CAMERA ASSY TELEVISION | D23: TTETA | E23: N2 | F23: P1 | G23: 025J | H23: 25 | I23: 0 | J23: 110 | K23: 106 | L23: 101 | M23: 100 | N23: 92 | O23: 0 | P23: 0 | Q23: 107 | R23: 108 | S23: 100 | T23: 108 | U23: 99 | V23: 94 | W23: 0 | X23: 105 | Y23: 98 | Z23: 106 | AA23: 103 | AB23: 101 | AC23: 0 | AD23: 0 | AE23: 0 | AF23: 0 | AG23: 0 | AH23: 0 | AI23: 0 | AJ23: 1 | AK23: 0 | AL23: 0 | AM23: 0 | AN23: 1639 | AO23: 0 | AP23: 0 | AQ23: 0 | AR23: 121 | AS23: 122 | AT23: 116 | AU23: 50 | AV23: 0 | AW23: 116 | AX23: 115 | AY23: 121 | AZ23: 120 | BA23: 108 | BB23: 100 | BC23: 0 | BD23: 166 | BE23: 157 | BF23: 148 | BG23: 170 | BH23: 159 | BI23: 158 | BJ23: 0 | BK23: 170 | BL23: 165 | BM23: 143 | BN23: 173 | BO23: 154 | BP23: 143 | BQ23: 0 | BR23: 170 | BS23: 151 | BT23: 3316 | BU23: 118 | BV23: 118 | BW23: 118 | BX23: 59 | BY23: 0 | BZ23: 118 | CA23: 118 | CB23: 118 | CC23: 118 | CD23: 118 | CE23: 0 | CF23: 0 | CG23: 0 | CH23: 0 | CI23: 0 | CJ23: 0 | CK23: 0 | CL23: 0 | CM23: 0 | CN23: 118 | CO23: 118 | CP23: 118 | CQ23: 118 | CR23: 118 | CS23: 118 | CT23: 0 | CU23: 118 | CV23: 118 | CW23: 118 | CX23: 118 | CY23: 0 | CZ23: 2183 | DA23: 0 | DB23: 0 | DC23: 0 | DD23: 147 | DE23: 147 | DF23: 147 | DG23: 147 | DH23: 147 | DI23: 147 | DJ23: 0 | DK23: 147 | DL23: 147 | DM23: 147 | DN23: 147 | DO23: 147 | DP23: 74 | DQ23: 0 | DR23: 147 | DS23: 147 | DT23: 147 | DU23: 147 | DV23: 147 | DW23: 147 | DX23: 0 | DY23: 147 | DZ23: 147 | EA23: 147 | EB23: 147 | EC23: 147 | ED23: 0 | EE23: 0 | EF23: 3308
A24: 86790-0K400-00 | B24: AU20 | C24: CAMERA ASSY TELEVISION | D24: TTETA | F24: E1 | G24: 025J | H24: 38 | I24: 0 | J24: 10 | K24: 9 | L24: 10 | M24: 11 | N24: 8 | O24: 0 | P24: 0 | Q24: 9 | R24: 9 | S24: 9 | T24: 11 | U24: 9 | V24: 8 | W24: 0 | X24: 10 | Y24: 10 | Z24: 10 | AA24: 9 | AB24: 10 | AC24: 0 | AD24: 0 | AE24: 7 | AF24: 8 | AG24: 8 | AH24: 10 | AI24: 7 | AJ24: 9 | AK24: 0 | AL24: 0 | AM24: 0 | AN24: 201 | AO24: 0 | AP24: 0 | AQ24: 0 | AR24: 8 | AS24: 6 | AT24: 7 | AU24: 0 | AV24: 0 | AW24: 7 | AX24: 6 | AY24: 6 | AZ24: 8 | BA24: 7 | BB24: 6 | BC24: 0 | BD24: 7 | BE24: 5 | BF24: 7 | BG24: 6 | BH24: 7 | BI24: 0 | BJ24: 0 | BK24: 6 | BL24: 6 | BM24: 7 | BN24: 6 | BO24: 7 | BP24: 6 | BQ24: 0 | BR24: 7 | BS24: 6 | BT24: 144 | BU24: 4 | BV24: 4 | BW24: 4 | BX24: 2 | BY24: 0 | BZ24: 4 | CA24: 4 | CB24: 4 | CC24: 4 | CD24: 4 | CE24: 0 | CF24: 0 | CG24: 0 | CH24: 0 | CI24: 0 | CJ24: 0 | CK24: 0 | CL24: 0 | CM24: 0 | CN24: 5 | CO24: 4 | CP24: 5 | CQ24: 4 | CR24: 5 | CS24: 4 | CT24: 0 | CU24: 5 | CV24: 4 | CW24: 5 | CX24: 4 | CY24: 0 | CZ24: 79 | DA24: 0 | DB24: 0 | DC24: 0 | DD24: 9 | DE24: 9 | DF24: 9 | DG24: 9 | DH24: 9 | DI24: 9 | DJ24: 0 | DK24: 9 | DL24: 9 | DM24: 9 | DN24: 9 | DO24: 9 | DP24: 4 | DQ24: 0 | DR24: 9 | DS24: 9 | DT24: 9 | DU24: 9 | DV24: 9 | DW24: 9 | DX24: 0 | DY24: 9 | DZ24: 9 | EA24: 8 | EB24: 9 | EC24: 8 | ED24: 0 | EE24: 0 | EF24: 200
A25: 86790-0K400-00 | B25: AU20 | C25: CAMERA ASSY TELEVISION | D25: TTETA | E25: N2 | F25: P1 | G25: 025J | H25: 38 | I25: 0 | J25: 110 | K25: 106 | L25: 101 | M25: 100 | N25: 92 | O25: 0 | P25: 0 | Q25: 107 | R25: 108 | S25: 100 | T25: 108 | U25: 99 | V25: 94 | W25: 0 | X25: 105 | Y25: 98 | Z25: 106 | AA25: 103 | AB25: 101 | AC25: 0 | AD25: 0 | AE25: 0 | AF25: 0 | AG25: 0 | AH25: 0 | AI25: 0 | AJ25: 1 | AK25: 0 | AL25: 0 | AM25: 0 | AN25: 1639 | AO25: 0 | AP25: 0 | AQ25: 0 | AR25: 121 | AS25: 122 | AT25: 116 | AU25: 50 | AV25: 0 | AW25: 116 | AX25: 115 | AY25: 121 | AZ25: 120 | BA25: 108 | BB25: 100 | BC25: 0 | BD25: 166 | BE25: 157 | BF25: 148 | BG25: 170 | BH25: 159 | BI25: 158 | BJ25: 0 | BK25: 170 | BL25: 165 | BM25: 143 | BN25: 173 | BO25: 154 | BP25: 143 | BQ25: 0 | BR25: 170 | BS25: 151 | BT25: 3316 | BU25: 118 | BV25: 118 | BW25: 118 | BX25: 59 | BY25: 0 | BZ25: 118 | CA25: 118 | CB25: 118 | CC25: 118 | CD25: 118 | CE25: 0 | CF25: 0 | CG25: 0 | CH25: 0 | CI25: 0 | CJ25: 0 | CK25: 0 | CL25: 0 | CM25: 0 | CN25: 118 | CO25: 118 | CP25: 118 | CQ25: 118 | CR25: 118 | CS25: 118 | CT25: 0 | CU25: 118 | CV25: 118 | CW25: 118 | CX25: 118 | CY25: 0 | CZ25: 2183 | DA25: 0 | DB25: 0 | DC25: 0 | DD25: 147 | DE25: 147 | DF25: 147 | DG25: 147 | DH25: 147 | DI25: 147 | DJ25: 0 | DK25: 147 | DL25: 147 | DM25: 147 | DN25: 147 | DO25: 147 | DP25: 74 | DQ25: 0 | DR25: 147 | DS25: 147 | DT25: 147 | DU25: 147 | DV25: 147 | DW25: 147 | DX25: 0 | DY25: 147 | DZ25: 147 | EA25: 147 | EB25: 147 | EC25: 147 | ED25: 0 | EE25: 0 | EF25: 3308
AN26: =SUM(AN14:AN25) -> 9323 | AO26: =SUM(AO14:AO25) -> 0 | AP26: =SUM(AP14:AP25) -> 482 | AQ26: =SUM(AQ14:AQ25) -> 469 | AR26: =SUM(AR14:AR25) -> 453 | AS26: =SUM(AS14:AS25) -> 481 | AT26: =SUM(AT14:AT25) -> 462 | AU26: =SUM(AU14:AU25) -> 0 | ... EF26: =SUM(EF14:EF25) -> 7303 | EG26: =AN26+BT26+CZ26+EF26 -> 35872

Sheet BPK Daily
A1: HEADER
A2: PLANT CODE | B2: B
A3: PART TYPE | B3: P
A4: PRODUCTION MONTH | B4: 202503
A5: REVISION TYPE | B5: M
A6: FORECAST TYPE | B6: F
A7: WOC WEEK | B7: 00-00
A8: REVISION NUMBER | B8: 0
A9: ISSUE DATE | B9: 23/05/2025 | I9: =I15 -> 0 | J9: =J15 -> 0 | K9: =K15 -> 0 | L9: =L15 -> 0 | M9: =M15 -> 10 | N9: =N15 -> 30 | O9: =O15 -> 20 | P9: =P15 -> 20 | ... BS9: =BS15 -> 0
A10: REMARKS | I10: =I16 -> 0 | J10: =J16 -> 0 | K10: =K16 -> 0 | L10: =L16 -> 0 | M10: =M16 -> 330 | N10: =N16 -> 300 | O10: =O16 -> 390 | P10: =P16 -> 360 | ... AM10: =AM16 -> 300 | AN10: 6000 | AO10: =AO16 -> 0 | AP10: =AP16 -> 300 | AQ10: =AQ16 -> 270 | AR10: =AR16 -> 240 | AS10: =AS16 -> 300 | AT10: =AT16 -> 270 | AU10: =AU16 -> 0 | AV10: =AV16 -> 0 | ... BS10: =BS16 -> 0 | BU10: 0 | BV10: 0 | BW10: 0 | BX10: 430 | BY10: 430 | BZ10: 430 | CA10: 430 | CB10: 0 | CC10: 430 | CD10: 430 | CE10: 430 | CF10: 430 | CG10: 430 | CH10: 0 | CI10: 0 | CJ10: 429 | CK10: 430 | CL10: 429 | CM10: 430 | CN10: 429 | CO10: 430 | CP10: 0 | CQ10: 429 | CR10: 430 | CS10: 429 | CT10: 430 | CU10: 430 | CV10: 215 | CW10: 0 | CX10: 430
A11: DETAILS | I11: =I9+I10 -> 0 | J11: =J9+J10 -> 0 | K11: =K9+K10 -> 0 | L11: =L9+L10 -> 0 | M11: =M9+M10 -> 340 | N11: =N9+N10 -> 330 | O11: =O9+O10 -> 410 | P11: =P9+P10 -> 380 | ... AL11: =AL9+AL10 -> 330 | AM11: =AM15+AM17+AM18 -> 340 | AN11: =AN15+AN17+AN18 -> 6690 | AO11: =AO9+AO10 -> 0 | AP11: =AP9+AP10 -> 340 | AQ11: =AQ9+AQ10 -> 290 | AR11: =AR9+AR10 -> 280 | AS11: =AS9+AS10 -> 340 | AT11: =AT9+AT10 -> 310 | AU11: =AU9+AU10 -> 0 | AV11: =AV9+AV10 -> 0 | ... BS11: =BS9+BS10 -> 0 | BT11: =BT15+BT17+BT18 -> 7680 | BU11: =BU15+BU17+BU18 -> 0 | BV11: =BV15+BV17+BV18 -> 0 | BW11: =BW15+BW17+BW18 -> 0 | BX11: =BX15+BX17+BX18 -> 291 | BY11: =BY15+BY17+BY18 -> 291 | BZ11: =BZ15+BZ17+BZ18 -> 291 | CA11: =CA15+CA17+CA18 -> 146 | ... CY11: =CY15+CY17+CY18 -> 290
Y12: N | BE12: N+1 | CK12: N+2 | DQ12: N+3
A13: PART NUMBER | B13: PART CODE | C13: PART DESC | D13: SUPP CODE | E13: SHIPPING DOCK | F13: DOCK CODE | G13: CAR FAMILY | H13: PACKING SIZE | I13: 1 | J13: 2 | K13: 3 | L13: 4 | M13: 5 | N13: 6 | O13: 7 | P13: 8 | Q13: 9 | R13: 10 | S13: 11 | T13: 12 | U13: 13 | V13: 14 | W13: 15 | X13: 16 | Y13: 17 | Z13: 18 | AA13: 19 | AB13: 20 | AC13: 21 | AD13: 22 | AE13: 23 | AF13: 24 | AG13: 25 | AH13: 26 | AI13: 27 | AJ13: 28 | AK13: 29 | AL13: 30 | AM13: 31 | AN13: N | AO13: 1 | AP13: 2 | AQ13: 3 | AR13: 4 | AS13: 5 | AT13: 6 | AU13: 7 | AV13: 8 | AW13: 9 | AX13: 10 | AY13: 11 | AZ13: 12 | BA13: 13 | BB13: 14 | BC13: 15 | BD13: 16 | BE13: 17 | BF13: 18 | BG13: 19 | BH13: 20 | BI13: 21 | BJ13: 22 | BK13: 23 | BL13: 24 | BM13: 25 | BN13: 26 | BO13: 27 | BP13: 28 | BQ13: 29 | BR13: 30 | BS13: 31 | BT13: N+1 | BU13: 1 | BV13: 2 | BW13: 3 | BX13: 4 | BY13: 5 | BZ13: 6 | CA13: 7 | CB13: 8 | CC13: 9 | CD13: 10 | CE13: 11 | CF13: 12 | CG13: 13 | CH13: 14 | CI13: 15 | CJ13: 16 | CK13: 17 | CL13: 18 | CM13: 19 | CN13: 20 | CO13: 21 | CP13: 22 | CQ13: 23 | CR13: 24 | CS13: 25 | CT13: 26 | CU13: 27 | CV13: 28 | CW13: 29 | CX13: 30 | CY13: 31 | CZ13: N+2 | DA13: 1 | DB13: 2 | DC13: 3 | DD13: 4 | DE13: 5 | DF13: 6 | DG13: 7 | DH13: 8 | DI13: 9 | DJ13: 10 | DK13: 11 | DL13: 12 | DM13: 13 | DN13: 14 | DO13: 15 | DP13: 16 | DQ13: 17 | DR13: 18 | DS13: 19 | DT13: 20 | DU13: 21 | DV13: 22 | DW13: 23 | DX13: 24 | DY13: 25 | DZ13: 26 | EA13: 27 | EB13: 28 | EC13: 29 | ED13: 30 | EE13: 31 | EF13: N+3
A14: 86790-0K051-00 | B14: W036 | C14: CAMERA ASSY TELEVISION | D14: TTETA | F14: BN | G14: 024J | H14: 25 | I14: 0 | J14: 30 | K14: 40 | L14: 30 | M14: 20 | N14: 40 | O14: 0 | P14: 0 | Q14: 10 | R14: 30 | S14: 40 | T14: 30 | U14: 30 | V14: 30 | W14: 0 | X14: 30 | Y14: 30 | Z14: 40 | AA14: 20 | AB14: 30 | AC14: 0 | AD14: 0 | AE14: 20 | AF14: 30 | AG14: 40 | AH14: 30 | AI14: 30 | AJ14: 10 | AK14: 0 | AL14: 0 | AM14: 0 | AN14: 640 | AO14: 0 | AP14: 0 | AQ14: 30 | AR14: 30 | AS14: 20 | AT14: 20 | AU14: 20 | AV14: 0 | AW14: 40 | AX14: 10 | AY14: 40 | AZ14: 20 | BA14: 30 | BB14: 20 | BC14: 0 | BD14: 40 | BE14: 20 | BF14: 30 | BG14: 20 | BH14: 30 | BI14: 0 | BJ14: 0 | BK14: 40 | BL14: 20 | BM14: 30 | BN14: 40 | BO14: 0 | BP14: 40 | BQ14: 0 | BR14: 30 | BS14: 30 | BT14: 650 | BU14: 25 | BV14: 25 | BW14: 25 | BX14: 12 | BY14: 0 | BZ14: 25 | CA14: 25 | CB14: 25 | CC14: 25 | CD14: 25 | CE14: 0 | CF14: 0 | CG14: 0 | CH14: 0 | CI14: 0 | CJ14: 0 | CK14: 0 | CL14: 0 | CM14: 0 | CN14: 25 | CO14: 25 | CP14: 25 | CQ14: 25 | CR14: 25 | CS14: 25 | CT14: 0 | CU14: 25 | CV14: 24 | CW14: 25 | CX14: 24 | CY14: 0 | CZ14: 460 | DA14: 0 | DB14: 0 | DC14: 0 | DD14: 0 | DE14: 12 | DF14: 11 | DG14: 12 | DH14: 11 | DI14: 12 | DJ14: 0 | DK14: 11 | DL14: 12 | DM14: 11 | DN14: 12 | DO14: 11 | DP14: 0 | DQ14: 0 | DR14: 12 | DS14: 11 | DT14: 12 | DU14: 11 | DV14: 12 | DW14: 0 | DX14: 0 | DY14: 11 | DZ14: 12 | EA14: 11 | EB14: 12 | EC14: 11 | ED14: 0 | EE14: 0 | EF14: 230
A15: 86790-0K051-00 | B15: W036 | C15: CAMERA ASSY TELEVISION | D15: TTETA | F15: D1 | G15: 024J | H15: 30 | I15: 0 | J15: 270 | K15: 270 | L15: 240 | M15: 270 | N15: 270 | O15: 0 | P15: 0 | Q15: 270 | R15: 270 | S15: 240 | T15: 300 | U15: 240 | V15: 240 | W15: 0 | X15: 300 | Y15: 240 | Z15: 270 | AA15: 270 | AB15: 270 | AC15: 0 | AD15: 0 | AE15: 240 | AF15: 270 | AG15: 270 | AH15: 270 | AI15: 270 | AJ15: 240 | AK15: 0 | AL15: 0 | AM15: 0 | AN15: 5790 | AO15: 0 | AP15: 0 | AQ15: 240 | AR15: 300 | AS15: 300 | AT15: 360 | AU15: 150 | AV15: 0 | AW15: 330 | AX15: 360 | AY15: 330 | AZ15: 360 | BA15: 360 | BB15: 360 | BC15: 0 | BD15: 330 | BE15: 390 | BF15: 360 | BG15: 330 | BH15: 360 | BI15: 0 | BJ15: 0 | BK15: 360 | BL15: 360 | BM15: 330 | BN15: 390 | BO15: 360 | BP15: 330 | BQ15: 0 | BR15: 360 | BS15: 270 | BT15: 7980 | BU15: 297 | BV15: 297 | BW15: 297 | BX15: 148 | BY15: 0 | BZ15: 297 | CA15: 297 | CB15: 297 | CC15: 297 | CD15: 297 | CE15: 0 | CF15: 0 | CG15: 0 | CH15: 0 | CI15: 0 | CJ15: 0 | CK15: 0 | CL15: 0 | CM15: 0 | CN15: 297 | CO15: 297 | CP15: 297 | CQ15: 296 | CR15: 297 | CS15: 296 | CT15: 0 | CU15: 297 | CV15: 296 | CW15: 297 | CX15: 296 | CY15: 0 | CZ15: 5490 | DA15: 0 | DB15: 0 | DC15: 0 | DD15: 0 | DE15: 186 | DF15: 186 | DG15: 186 | DH15: 186 | DI15: 186 | DJ15: 0 | DK15: 186 | DL15: 186 | DM15: 186 | DN15: 186 | DO15: 186 | DP15: 0 | DQ15: 0 | DR15: 186 | DS15: 186 | DT15: 186 | DU15: 186 | DV15: 186 | DW15: 0 | DX15: 0 | DY15: 186 | DZ15: 186 | EA15: 186 | EB15: 186 | EC15: 186 | ED15: 0 | EE15: 0 | EF15: 3720
A16: 86790-0K110-00 | B16: M523 | C16: CAMERA ASSY TELEVISION | D16: TTETA | F16: BN | G16: 024J | H16: 10 | I16: 0 | J16: 20 | K16: 10 | L16: 10 | M16: 0 | N16: 10 | O16: 0 | P16: 0 | Q16: 10 | R16: 10 | S16: 10 | T16: 10 | U16: 10 | V16: 10 | W16: 0 | X16: 0 | Y16: 10 | Z16: 10 | AA16: 10 | AB16: 10 | AC16: 0 | AD16: 0 | AE16: 0 | AF16: 0 | AG16: 0 | AH16: 0 | AI16: 10 | AJ16: 10 | AK16: 0 | AL16: 0 | AM16: 0 | AN16: 170 | AO16: 0 | AP16: 0 | AQ16: 10 | AR16: 20 | AS16: 10 | AT16: 30 | AU16: 0 | AV16: 0 | AW16: 20 | AX16: 10 | AY16: 20 | AZ16: 10 | BA16: 20 | BB16: 10 | BC16: 0 | BD16: 30 | BE16: 10 | BF16: 20 | BG16: 10 | BH16: 20 | BI16: 0 | BJ16: 0 | BK16: 10 | BL16: 20 | BM16: 10 | BN16: 20 | BO16: 20 | BP16: 20 | BQ16: 0 | BR16: 10 | BS16: 20 | BT16: 380 | BU16: 7 | BV16: 7 | BW16: 7 | BX16: 4 | BY16: 0 | BZ16: 7 | CA16: 7 | CB16: 7 | CC16: 7 | CD16: 7 | CE16: 0 | CF16: 0 | CG16: 0 | CH16: 0 | CI16: 0 | CJ16: 0 | CK16: 0 | CL16: 0 | CM16: 0 | CN16: 7 | CO16: 7 | CP16: 7 | CQ16: 7 | CR16: 7 | CS16: 7 | CT16: 0 | CU16: 7 | CV16: 7 | CW16: 7 | CX16: 7 | CY16: 0 | CZ16: 130 | DA16: 0 | DB16: 0 | DC16: 0 | DD16: 0 | DE16: 11 | DF16: 10 | DG16: 11 | DH16: 10 | DI16: 11 | DJ16: 0 | DK16: 10 | DL16: 11 | DM16: 10 | DN16: 11 | DO16: 10 | DP16: 0 | DQ16: 0 | DR16: 11 | DS16: 10 | DT16: 11 | DU16: 10 | DV16: 11 | DW16: 0 | DX16: 0 | DY16: 10 | DZ16: 11 | EA16: 10 | EB16: 11 | EC16: 10 | ED16: 0 | EE16: 0 | EF16: 210 | EJ16: =EK16&EL16
A17: 86790-0K110-00 | B17: M523 | C17: CAMERA ASSY TELEVISION | D17: TTETA | F17: D1 | G17: 024J | H17: 20 | I17: 0 | J17: 340 | K17: 280 | L17: 300 | M17: 320 | N17: 280 | O17: 0 | P17: 0 | Q17: 280 | R17: 280 | S17: 320 | T17: 280 | U17: 320 | V17: 300 | W17: 0 | X17: 280 | Y17: 260 | Z17: 260 | AA17: 320 | AB17: 320 | AC17: 0 | AD17: 0 | AE17: 320 | AF17: 320 | AG17: 300 | AH17: 360 | AI17: 320 | AJ17: 320 | AK17: 0 | AL17: 0 | AM17: 0 | AN17: 6680 | AO17: 0 | AP17: 0 | AQ17: 260 | AR17: 280 | AS17: 320 | AT17: 300 | AU17: 140 | AV17: 0 | AW17: 300 | AX17: 280 | AY17: 320 | AZ17: 320 | BA17: 300 | BB17: 300 | BC17: 0 | BD17: 300 | BE17: 300 | BF17: 320 | BG17: 300 | BH17: 300 | BI17: 0 | BJ17: 0 | BK17: 280 | BL17: 280 | BM17: 260 | BN17: 280 | BO17: 260 | BP17: 260 | BQ17: 0 | BR17: 260 | BS17: 220 | BT17: 6740 | BU17: 277 | BV17: 277 | BW17: 277 | BX17: 138 | BY17: 0 | BZ17: 277 | CA17: 277 | CB17: 277 | CC17: 277 | CD17: 277 | CE17: 0 | CF17: 0 | CG17: 0 | CH17: 0 | CI17: 0 | CJ17: 0 | CK17: 0 | CL17: 0 | CM17: 0 | CN17: 277 | CO17: 277 | CP17: 277 | CQ17: 276 | CR17: 277 | CS17: 276 | CT17: 0 | CU17: 277 | CV17: 276 | CW17: 277 | CX17: 276 | CY17: 0 | CZ17: 5120 | DA17: 0 | DB17: 0 | DC17: 0 | DD17: 0 | DE17: 211 | DF17: 211 | DG17: 211 | DH17: 211 | DI17: 211 | DJ17: 0 | DK17: 211 | DL17: 211 | DM17: 211 | DN17: 211 | DO17: 211 | DP17: 0 | DQ17: 0 | DR17: 211 | DS17: 211 | DT17: 211 | DU17: 211 | DV17: 211 | DW17: 0 | DX17: 0 | DY17: 211 | DZ17: 211 | EA17: 211 | EB17: 211 | EC17: 211 | ED17: 0 | EE17: 0 | EF17: 4220 | EH17: =A17='Monthly FC (Dont use)'!E35 -> TRUE | EJ17: =EK17&EL17 -> 86790-0K051-00BN
A18: 86790-0K120-00 | B18: T962 | C18: CAMERA ASSY TELEVISION | D18: TTETA | F18: D1 | G18: 024J | H18: 20 | I18: 0 | J18: 20 | K18: 0 | L18: 20 | M18: 0 | N18: 20 | O18: 0 | P18: 0 | Q18: 0 | R18: 20 | S18: 0 | T18: 20 | U18: 0 | V18: 20 | W18: 0 | X18: 20 | Y18: 0 | Z18: 20 | AA18: 0 | AB18: 20 | AC18: 0 | AD18: 0 | AE18: 0 | AF18: 20 | AG18: 0 | AH18: 20 | AI18: 0 | AJ18: 20 | AK18: 0 | AL18: 0 | AM18: 0 | AN18: 240 | AO18: 0 | AP18: 0 | AQ18: 20 | AR18: 0 | AS18: 20 | AT18: 20 | AU18: 0 | AV18: 0 | AW18: 20 | AX18: 20 | AY18: 20 | AZ18: 0 | BA18: 20 | BB18: 20 | BC18: 0 | BD18: 20 | BE18: 20 | BF18: 0 | BG18: 20 | BH18: 20 | BI18: 0 | BJ18: 0 | BK18: 20 | BL18: 0 | BM18: 20 | BN18: 20 | BO18: 20 | BP18: 0 | BQ18: 0 | BR18: 20 | BS18: 20 | BT18: 360 | BU18: 11 | BV18: 11 | BW18: 11 | BX18: 5 | BY18: 0 | BZ18: 11 | CA18: 11 | CB18: 11 | CC18: 11 | CD18: 11 | CE18: 0 | CF18: 0 | CG18: 0 | CH18: 0 | CI18: 0 | CJ18: 0 | CK18: 0 | CL18: 0 | CM18: 0 | CN18: 11 | CO18: 11 | CP18: 11 | CQ18: 11 | CR18: 11 | CS18: 10 | CT18: 0 | CU18: 11 | CV18: 10 | CW18: 11 | CX18: 10 | CY18: 0 | CZ18: 200 | DA18: 0 | DB18: 0 | DC18: 0 | DD18: 0 | DE18: 1 | DF18: 1 | DG18: 1 | DH18: 1 | DI18: 1 | DJ18: 0 | DK18: 1 | DL18: 1 | DM18: 1 | DN18: 1 | DO18: 1 | DP18: 0 | DQ18: 0 | DR18: 1 | DS18: 1 | DT18: 1 | DU18: 1 | DV18: 1 | DW18: 0 | DX18: 0 | DY18: 1 | DZ18: 1 | EA18: 1 | EB18: 1 | EC18: 1 | ED18: 0 | EE18: 0 | EF18: 20 | EH18: =A18='Monthly FC (Dont use)'!E36 -> TRUE | EJ18: =EK18&EL18 -> D1
A19: 86790-0K141-00 | B19: U324 | C19: CAMERA ASSY TELEVISION | D19: TTETA | F19: D1 | G19: 024J | H19: 16 | I19: 0 | J19: 48 | K19: 64 | L19: 48 | M19: 48 | N19: 80 | O19: 0 | P19: 0 | Q19: 80 | R19: 80 | S19: 80 | T19: 96 | U19: 80 | V19: 80 | W19: 0 | X19: 80 | Y19: 96 | Z19: 80 | AA19: 80 | AB19: 80 | AC19: 0 | AD19: 0 | AE19: 80 | AF19: 96 | AG19: 80 | AH19: 80 | AI19: 80 | AJ19: 96 | AK19: 0 | AL19: 0 | AM19: 0 | AN19: 1712 | AO19: 0 | AP19: 0 | AQ19: 80 | AR19: 112 | AS19: 96 | AT19: 96 | AU19: 32 | AV19: 0 | AW19: 80 | AX19: 80 | AY19: 96 | AZ19: 80 | BA19: 96 | BB19: 80 | BC19: 0 | BD19: 96 | BE19: 80 | BF19: 96 | BG19: 80 | BH19: 96 | BI19: 0 | BJ19: 0 | BK19: 80 | BL19: 96 | BM19: 80 | BN19: 96 | BO19: 80 | BP19: 80 | BQ19: 0 | BR19: 96 | BS19: 80 | BT19: 2064 | BU19: 75 | BV19: 75 | BW19: 75 | BX19: 38 | BY19: 0 | BZ19: 75 | CA19: 75 | CB19: 75 | CC19: 75 | CD19: 75 | CE19: 0 | CF19: 0 | CG19: 0 | CH19: 0 | CI19: 0 | CJ19: 0 | CK19: 0 | CL19: 0 | CM19: 0 | CN19: 75 | CO19: 75 | CP19: 76 | CQ19: 75 | CR19: 76 | CS19: 75 | CT19: 0 | CU19: 76 | CV19: 75 | CW19: 76 | CX19: 75 | CY19: 0 | CZ19: 1392 | DA19: 0 | DB19: 0 | DC19: 0 | DD19: 0 | DE19: 46 | DF19: 46 | DG19: 46 | DH19: 46 | DI19: 46 | DJ19: 0 | DK19: 45 | DL19: 46 | DM19: 45 | DN19: 46 | DO19: 45 | DP19: 0 | DQ19: 0 | DR19: 46 | DS19: 45 | DT19: 46 | DU19: 45 | DV19: 46 | DW19: 0 | DX19: 0 | DY19: 45 | DZ19: 46 | EA19: 45 | EB19: 46 | EC19: 45 | ED19: 0 | EE19: 0 | EF19: 912 | EH19: =A19='Monthly FC (Dont use)'!E37 -> TRUE | EJ19: =EK19&EL19 -> 86790-0K110-00BN
A20: 86790-0K171-00 | B20: U325 | C20: CAMERA ASSY TELEVISION | D20: TTETA | F20: BN | G20: 024J | H20: 8 | I20: 0 | J20: 10 | K20: 20 | L20: 10 | M20: 10 | N20: 20 | O20: 0 | P20: 0 | Q20: 0 | R20: 10 | S20: 20 | T20: 10 | U20: 10 | V20: 20 | W20: 0 | X20: 10 | Y20: 10 | Z20: 20 | AA20: 10 | AB20: 10 | AC20: 0 | AD20: 0 | AE20: 20 | AF20: 10 | AG20: 20 | AH20: 20 | AI20: 10 | AJ20: 10 | AK20: 0 | AL20: 0 | AM20: 0 | AN20: 290 | AO20: 0 | AP20: 0 | AQ20: 20 | AR20: 10 | AS20: 20 | AT20: 10 | AU20: 20 | AV20: 0 | AW20: 20 | AX20: 0 | AY20: 20 | AZ20: 20 | BA20: 20 | BB20: 10 | BC20: 0 | BD20: 20 | BE20: 20 | BF20: 10 | BG20: 10 | BH20: 20 | BI20: 0 | BJ20: 0 | BK20: 20 | BL20: 20 | BM20: 20 | BN20: 20 | BO20: 0 | BP20: 30 | BQ20: 0 | BR20: 10 | BS20: 20 | BT20: 390 | BU20: 19 | BV20: 19 | BW20: 20 | BX20: 10 | BY20: 0 | BZ20: 19 | CA20: 20 | CB20: 19 | CC20: 20 | CD20: 19 | CE20: 0 | CF20: 0 | CG20: 0 | CH20: 0 | CI20: 0 | CJ20: 0 | CK20: 0 | CL20: 0 | CM20: 0 | CN20: 20 | CO20: 19 | CP20: 20 | CQ20: 19 | CR20: 20 | CS20: 19 | CT20: 0 | CU20: 20 | CV20: 19 | CW20: 20 | CX20: 19 | CY20: 0 | CZ20: 360 | DA20: 0 | DB20: 0 | DC20: 0 | DD20: 0 | DE20: 12 | DF20: 11 | DG20: 12 | DH20: 11 | DI20: 12 | DJ20: 0 | DK20: 11 | DL20: 12 | DM20: 11 | DN20: 12 | DO20: 11 | DP20: 0 | DQ20: 0 | DR20: 12 | DS20: 11 | DT20: 12 | DU20: 11 | DV20: 12 | DW20: 0 | DX20: 0 | DY20: 11 | DZ20: 12 | EA20: 11 | EB20: 12 | EC20: 11 | ED20: 0 | EE20: 0 | EF20: 230 | EH20: =A20='Monthly FC (Dont use)'!E38 -> TRUE | EJ20: =EK20&EL20 -> D1
A21: 86790-0K181-00 | B21: U326 | C21: CAMERA ASSY TELEVISION | D21: TTETA | F21: D1 | G21: 024J | H21: 16 | I21: 0 | J21: 48 | K21: 32 | L21: 16 | M21: 32 | N21: 48 | O21: 0 | P21: 0 | Q21: 32 | R21: 16 | S21: 32 | T21: 48 | U21: 16 | V21: 16 | W21: 0 | X21: 32 | Y21: 0 | Z21: 0 | AA21: 16 | AB21: 32 | AC21: 0 | AD21: 0 | AE21: 16 | AF21: 0 | AG21: 32 | AH21: 32 | AI21: 0 | AJ21: 16 | AK21: 0 | AL21: 0 | AM21: 0 | AN21: 512 | AO21: 0 | AP21: 0 | AQ21: 16 | AR21: 32 | AS21: 0 | AT21: 16 | AU21: 16 | AV21: 0 | AW21: 0 | AX21: 32 | AY21: 0 | AZ21: 32 | BA21: 16 | BB21: 16 | BC21: 0 | BD21: 16 | BE21: 0 | BF21: 32 | BG21: 0 | BH21: 16 | BI21: 0 | BJ21: 0 | BK21: 16 | BL21: 32 | BM21: 0 | BN21: 32 | BO21: 0 | BP21: 32 | BQ21: 0 | BR21: 16 | BS21: 16 | BT21: 384 | BU21: 21 | BV21: 21 | BW21: 21 | BX21: 10 | BY21: 0 | BZ21: 21 | CA21: 21 | CB21: 21 | CC21: 21 | CD21: 21 | CE21: 0 | CF21: 0 | CG21: 0 | CH21: 0 | CI21: 0 | CJ21: 0 | CK21: 0 | CL21: 0 | CM21: 0 | CN21: 21 | CO21: 21 | CP21: 21 | CQ21: 20 | CR21: 21 | CS21: 20 | CT21: 0 | CU21: 21 | CV21: 20 | CW21: 21 | CX21: 20 | CY21: 0 | CZ21: 384 | DA21: 0 | DB21: 0 | DC21: 0 | DD21: 0 | DE21: 18 | DF21: 18 | DG21: 18 | DH21: 18 | DI21: 18 | DJ21: 0 | DK21: 17 | DL21: 18 | DM21: 17 | DN21: 18 | DO21: 17 | DP21: 0 | DQ21: 0 | DR21: 18 | DS21: 17 | DT21: 18 | DU21: 17 | DV21: 18 | DW21: 0 | DX21: 0 | DY21: 17 | DZ21: 18 | EA21: 17 | EB21: 18 | EC21: 17 | ED21: 0 | EE21: 0 | EF21: 352 | EH21: =A21='Monthly FC (Dont use)'!E39 -> TRUE | EJ21: =EK21&EL21 -> 86790-0K120-00D1
A22: 86790-0K190-00 | B22: T023 | C22: CAMERA ASSY TELEVISION | D22: TTETA | F22: D1 | G22: 024J | H22: 42 | I22: 0 | J22: 168 | K22: 168 | L22: 168 | M22: 168 | N22: 168 | O22: 0 | P22: 0 | Q22: 168 | R22: 168 | S22: 210 | T22: 210 | U22: 168 | V22: 126 | W22: 0 | X22: 168 | Y22: 210 | Z22: 168 | AA22: 252 | AB22: 210 | AC22: 0 | AD22: 0 | AE22: 168 | AF22: 168 | AG22: 210 | AH22: 210 | AI22: 168 | AJ22: 210 | AK22: 0 | AL22: 0 | AM22: 0 | AN22: 4032 | AO22: 0 | AP22: 0 | AQ22: 168 | AR22: 168 | AS22: 210 | AT22: 210 | AU22: 84 | AV22: 0 | AW22: 168 | AX22: 168 | AY22: 210 | AZ22: 168 | BA22: 168 | BB22: 252 | BC22: 0 | BD22: 210 | BE22: 126 | BF22: 210 | BG22: 168 | BH22: 210 | BI22: 0 | BJ22: 0 | BK22: 168 | BL22: 168 | BM22: 252 | BN22: 168 | BO22: 168 | BP22: 168 | BQ22: 0 | BR22: 168 | BS22: 126 | BT22: 4284 | BU22: 166 | BV22: 166 | BW22: 166 | BX22: 83 | BY22: 0 | BZ22: 166 | CA22: 166 | CB22: 166 | CC22: 166 | CD22: 166 | CE22: 0 | CF22: 0 | CG22: 0 | CH22: 0 | CI22: 0 | CJ22: 0 | CK22: 0 | CL22: 0 | CM22: 0 | CN22: 166 | CO22: 165 | CP22: 166 | CQ22: 165 | CR22: 166 | CS22: 165 | CT22: 0 | CU22: 166 | CV22: 165 | CW22: 166 | CX22: 165 | CY22: 0 | CZ22: 3066 | DA22: 0 | DB22: 0 | DC22: 0 | DD22: 0 | DE22: 122 | DF22: 122 | DG22: 122 | DH22: 122 | DI22: 122 | DJ22: 0 | DK22: 122 | DL22: 122 | DM22: 122 | DN22: 122 | DO22: 122 | DP22: 0 | DQ22: 0 | DR22: 122 | DS22: 122 | DT22: 122 | DU22: 121 | DV22: 122 | DW22: 0 | DX22: 0 | DY22: 121 | DZ22: 122 | EA22: 121 | EB22: 122 | EC22: 121 | ED22: 0 | EE22: 0 | EF22: 2436 | EH22: =A22='Monthly FC (Dont use)'!E40 -> TRUE | EJ22: =EK22&EL22 -> 86790-0K141-00BN
A23: 86790-0K190-00 | B23: T023 | C23: CAMERA ASSY TELEVISION | D23: TTETA | F23: BN | G23: 024J | H23: 6 | I23: 0 | J23: 10 | K23: 0 | L23: 0 | M23: 0 | N23: 0 | O23: 0 | P23: 0 | Q23: 10 | R23: 0 | S23: 0 | T23: 10 | U23: 10 | V23: 10 | W23: 0 | X23: 0 | Y23: 10 | Z23: 10 | AA23: 10 | AB23: 10 | AC23: 0 | AD23: 0 | AE23: 0 | AF23: 0 | AG23: 0 | AH23: 0 | AI23: 10 | AJ23: 10 | AK23: 0 | AL23: 0 | AM23: 0 | AN23: 110 | AO23: 0 | AP23: 0 | AQ23: 10 | AR23: 10 | AS23: 10 | AT23: 20 | AU23: 0 | AV23: 0 | AW23: 10 | AX23: 10 | AY23: 10 | AZ23: 10 | BA23: 10 | BB23: 10 | BC23: 0 | BD23: 20 | BE23: 10 | BF23: 10 | BG23: 10 | BH23: 10 | BI23: 0 | BJ23: 0 | BK23: 10 | BL23: 10 | BM23: 10 | BN23: 10 | BO23: 20 | BP23: 10 | BQ23: 0 | BR23: 10 | BS23: 10 | BT23: 260 | BU23: 4 | BV23: 4 | BW23: 4 | BX23: 2 | BY23: 0 | BZ23: 4 | CA23: 4 | CB23: 4 | CC23: 4 | CD23: 4 | CE23: 0 | CF23: 0 | CG23: 0 | CH23: 0 | CI23: 0 | CJ23: 0 | CK23: 0 | CL23: 0 | CM23: 0 | CN23: 4 | CO23: 4 | CP23: 4 | CQ23: 3 | CR23: 4 | CS23: 3 | CT23: 0 | CU23: 4 | CV23: 3 | CW23: 4 | CX23: 3 | CY23: 0 | CZ23: 70 | DA23: 0 | DB23: 0 | DC23: 0 | DD23: 0 | DE23: 6 | DF23: 6 | DG23: 6 | DH23: 6 | DI23: 6 | DJ23: 0 | DK23: 6 | DL23: 6 | DM23: 6 | DN23: 6 | DO23: 6 | DP23: 0 | DQ23: 0 | DR23: 6 | DS23: 6 | DT23: 6 | DU23: 6 | DV23: 6 | DW23: 0 | DX23: 0 | DY23: 6 | DZ23: 6 | EA23: 6 | EB23: 6 | EC23: 6 | ED23: 0 | EE23: 0 | EF23: 120 | EH23: =A23='Monthly FC (Dont use)'!E41 -> TRUE | EJ23: =EK23&EL23 -> D1
A24: 86790-0K200-00 | B24: T741 | C24: CAMERA ASSY TELEVISION | D24: TTETA | F24: D1 | G24: 024J | H24: 20 | I24: 0 | J24: 120 | K24: 160 | L24: 120 | M24: 140 | N24: 140 | O24: 0 | P24: 0 | Q24: 140 | R24: 140 | S24: 140 | T24: 120 | U24: 160 | V24: 120 | W24: 0 | X24: 140 | Y24: 140 | Z24: 140 | AA24: 140 | AB24: 140 | AC24: 0 | AD24: 0 | AE24: 140 | AF24: 140 | AG24: 140 | AH24: 120 | AI24: 140 | AJ24: 140 | AK24: 0 | AL24: 0 | AM24: 0 | AN24: 3020 | AO24: 0 | AP24: 0 | AQ24: 100 | AR24: 140 | AS24: 100 | AT24: 120 | AU24: 60 | AV24: 0 | AW24: 120 | AX24: 120 | AY24: 120 | AZ24: 120 | BA24: 120 | BB24: 120 | BC24: 0 | BD24: 120 | BE24: 120 | BF24: 140 | BG24: 120 | BH24: 100 | BI24: 0 | BJ24: 0 | BK24: 120 | BL24: 140 | BM24: 120 | BN24: 120 | BO24: 120 | BP24: 120 | BQ24: 0 | BR24: 120 | BS24: 120 | BT24: 2820 | BU24: 156 | BV24: 156 | BW24: 156 | BX24: 78 | BY24: 0 | BZ24: 156 | CA24: 156 | CB24: 156 | CC24: 156 | CD24: 155 | CE24: 0 | CF24: 0 | CG24: 0 | CH24: 0 | CI24: 0 | CJ24: 0 | CK24: 0 | CL24: 0 | CM24: 0 | CN24: 156 | CO24: 155 | CP24: 156 | CQ24: 155 | CR24: 156 | CS24: 155 | CT24: 0 | CU24: 156 | CV24: 155 | CW24: 156 | CX24: 155 | CY24: 0 | CZ24: 2880 | DA24: 0 | DB24: 0 | DC24: 0 | DD24: 0 | DE24: 131 | DF24: 131 | DG24: 131 | DH24: 131 | DI24: 131 | DJ24: 0 | DK24: 131 | DL24: 131 | DM24: 131 | DN24: 131 | DO24: 131 | DP24: 0 | DQ24: 0 | DR24: 131 | DS24: 131 | DT24: 131 | DU24: 131 | DV24: 131 | DW24: 0 | DX24: 0 | DY24: 131 | DZ24: 131 | EA24: 131 | EB24: 131 | EC24: 131 | ED24: 0 | EE24: 0 | EF24: 2620 | EH24: =A24='Monthly FC (Dont use)'!E42 -> TRUE | EJ24: =EK24&EL24 -> 86790-0K171-00BN
A25: 86790-0K230-00 | B25: U750 | C25: CAMERA ASSY TELEVISION | D25: TTETA | F25: D1 | G25: 024J | H25: 16 | I25: 0 | J25: 48 | K25: 16 | L25: 16 | M25: 16 | N25: 16 | O25: 0 | P25: 0 | Q25: 32 | R25: 16 | S25: 16 | T25: 16 | U25: 32 | V25: 16 | W25: 0 | X25: 16 | Y25: 32 | Z25: 16 | AA25: 16 | AB25: 16 | AC25: 0 | AD25: 0 | AE25: 32 | AF25: 16 | AG25: 16 | AH25: 32 | AI25: 16 | AJ25: 16 | AK25: 0 | AL25: 0 | AM25: 0 | AN25: 464 | AO25: 0 | AP25: 0 | AQ25: 16 | AR25: 32 | AS25: 32 | AT25: 16 | AU25: 16 | AV25: 0 | AW25: 16 | AX25: 32 | AY25: 16 | AZ25: 32 | BA25: 32 | BB25: 16 | BC25: 0 | BD25: 32 | BE25: 16 | BF25: 32 | BG25: 16 | BH25: 32 | BI25: 0 | BJ25: 0 | BK25: 16 | BL25: 32 | BM25: 32 | BN25: 16 | BO25: 32 | BP25: 16 | BQ25: 0 | BR25: 32 | BS25: 16 | BT25: 576 | BU25: 22 | BV25: 23 | BW25: 22 | BX25: 11 | BY25: 0 | BZ25: 23 | CA25: 23 | CB25: 22 | CC25: 23 | CD25: 22 | CE25: 0 | CF25: 0 | CG25: 0 | CH25: 0 | CI25: 0 | CJ25: 0 | CK25: 0 | CL25: 0 | CM25: 0 | CN25: 23 | CO25: 22 | CP25: 23 | CQ25: 22 | CR25: 23 | CS25: 22 | CT25: 0 | CU25: 23 | CV25: 22 | CW25: 23 | CX25: 22 | CY25: 0 | CZ25: 416 | DA25: 0 | DB25: 0 | DC25: 0 | DD25: 0 | DE25: 14 | DF25: 14 | DG25: 14 | DH25: 14 | DI25: 15 | DJ25: 0 | DK25: 14 | DL25: 15 | DM25: 14 | DN25: 15 | DO25: 14 | DP25: 0 | DQ25: 0 | DR25: 15 | DS25: 14 | DT25: 15 | DU25: 14 | DV25: 15 | DW25: 0 | DX25: 0 | DY25: 14 | DZ25: 15 | EA25: 14 | EB25: 15 | EC25: 14 | ED25: 0 | EE25: 0 | EF25: 288 | EH25: =A25='Monthly FC (Dont use)'!E43 -> TRUE | EJ25: =EK25&EL25 -> D1
A26: 86790-0K310-00 | B26: X402 | C26: CAMERA ASSY TELEVISION | D26: TTETA | F26: D1 | G26: 025J | H26: 60 | I26: 0 | J26: 0 | K26: 0 | L26: 0 | M26: 0 | N26: 0 | O26: 0 | P26: 0 | Q26: 0 | R26: 0 | S26: 0 | T26: 0 | U26: 0 | V26: 0 | W26: 0 | X26: 0 | Y26: 0 | Z26: 0 | AA26: 0 | AB26: 0 | AC26: 0 | AD26: 0 | AE26: 0 | AF26: 0 | AG26: 0 | AH26: 0 | AI26: 0 | AJ26: 0 | AK26: 0 | AL26: 0 | AM26: 0 | AN26: 0 | AO26: 0 | AP26: 0 | AQ26: 60 | AR26: 60 | AS26: 120 | AT26: 120 | AU26: 0 | AV26: 0 | AW26: 120 | AX26: 60 | AY26: 120 | AZ26: 60 | BA26: 120 | BB26: 120 | BC26: 0 | BD26: 60 | BE26: 120 | BF26: 120 | BG26: 60 | BH26: 120 | BI26: 0 | BJ26: 0 | BK26: 120 | BL26: 120 | BM26: 120 | BN26: 60 | BO26: 120 | BP26: 120 | BQ26: 0 | BR26: 120 | BS26: 120 | BT26: 2340 | BU26: 149 | BV26: 149 | BW26: 149 | BX26: 75 | BY26: 0 | BZ26: 149 | CA26: 149 | CB26: 149 | CC26: 149 | CD26: 149 | CE26: 0 | CF26: 0 | CG26: 0 | CH26: 0 | CI26: 0 | CJ26: 0 | CK26: 0 | CL26: 0 | CM26: 0 | CN26: 149 | CO26: 149 | CP26: 149 | CQ26: 149 | CR26: 150 | CS26: 149 | CT26: 0 | CU26: 150 | CV26: 149 | CW26: 150 | CX26: 149 | CY26: 0 | CZ26: 2760 | DA26: 0 | DB26: 0 | DC26: 0 | DD26: 0 | DE26: 120 | DF26: 120 | DG26: 120 | DH26: 120 | DI26: 120 | DJ26: 0 | DK26: 120 | DL26: 120 | DM26: 120 | DN26: 120 | DO26: 120 | DP26: 0 | DQ26: 0 | DR26: 120 | DS26: 120 | DT26: 120 | DU26: 120 | DV26: 120 | DW26: 0 | DX26: 0 | DY26: 120 | DZ26: 120 | EA26: 120 | EB26: 120 | EC26: 120 | ED26: 0 | EE26: 0 | EF26: 2400 | EH26: =A26='Monthly FC (Dont use)'!E45 -> FALSE | EJ26: =EK26&EL26 -> 86790-0K181-00D1
A27: 86790-0K400-00 | B27: X403 | C27: CAMERA ASSY TELEVISION | D27: TTETA | F27: D1 | G27: 025J | H27: 84 | I27: 0 | J27: 0 | K27: 0 | L27: 0 | M27: 0 | N27: 0 | O27: 0 | P27: 0 | Q27: 0 | R27: 0 | S27: 0 | T27: 0 | U27: 0 | V27: 0 | W27: 0 | X27: 0 | Y27: 0 | Z27: 0 | AA27: 0 | AB27: 0 | AC27: 0 | AD27: 0 | AE27: 0 | AF27: 0 | AG27: 0 | AH27: 0 | AI27: 0 | AJ27: 0 | AK27: 0 | AL27: 0 | AM27: 0 | AN27: 0 | AO27: 0 | AP27: 0 | AQ27: 84 | AR27: 84 | AS27: 84 | AT27: 84 | AU27: 84 | AV27: 0 | AW27: 84 | AX27: 84 | AY27: 84 | AZ27: 84 | BA27: 84 | BB27: 84 | BC27: 0 | BD27: 168 | BE27: 84 | BF27: 84 | BG27: 84 | BH27: 84 | BI27: 0 | BJ27: 0 | BK27: 168 | BL27: 84 | BM27: 84 | BN27: 168 | BO27: 84 | BP27: 84 | BQ27: 0 | BR27: 168 | BS27: 84 | BT27: 2352 | BU27: 150 | BV27: 150 | BW27: 150 | BX27: 75 | BY27: 0 | BZ27: 150 | CA27: 150 | CB27: 150 | CC27: 150 | CD27: 150 | CE27: 0 | CF27: 0 | CG27: 0 | CH27: 0 | CI27: 0 | CJ27: 0 | CK27: 0 | CL27: 0 | CM27: 0 | CN27: 150 | CO27: 150 | CP27: 150 | CQ27: 150 | CR27: 150 | CS27: 149 | CT27: 0 | CU27: 150 | CV27: 149 | CW27: 150 | CX27: 149 | CY27: 0 | CZ27: 2772 | DA27: 0 | DB27: 0 | DC27: 0 | DD27: 0 | DE27: 122 | DF27: 122 | DG27: 122 | DH27: 122 | DI27: 122 | DJ27: 0 | DK27: 122 | DL27: 122 | DM27: 122 | DN27: 122 | DO27: 122 | DP27: 0 | DQ27: 0 | DR27: 122 | DS27: 122 | DT27: 122 | DU27: 121 | DV27: 122 | DW27: 0 | DX27: 0 | DY27: 121 | DZ27: 122 | EA27: 121 | EB27: 122 | EC27: 121 | ED27: 0 | EE27: 0 | EF27: 2436 | EH27: =A27='Monthly FC (Dont use)'!E46 -> FALSE | EJ27: =EK27&EL27 -> 86790-0K190-00BN
A28: 86790-BZ310-00 | B28: W976 | C28: CAMERA ASSY TELEVISION | D28: TTETA | F28: D1 | G28: D54H | H28: 15 | I28: 0 | J28: 285 | K28: 285 | L28: 285 | M28: 285 | N28: 285 | O28: 0 | P28: 0 | Q28: 285 | R28: 285 | S28: 285 | T28: 285 | U28: 285 | V28: 300 | W28: 0 | X28: 285 | Y28: 270 | Z28: 270 | AA28: 255 | AB28: 255 | AC28: 0 | AD28: 0 | AE28: 255 | AF28: 255 | AG28: 255 | AH28: 255 | AI28: 270 | AJ28: 255 | AK28: 0 | AL28: 0 | AM28: 0 | AN28: 6030 | AO28: 0 | AP28: 0 | AQ28: 210 | AR28: 240 | AS28: 255 | AT28: 240 | AU28: 105 | AV28: 0 | AW28: 240 | AX28: 240 | AY28: 255 | AZ28: 240 | BA28: 240 | BB28: 255 | BC28: 0 | BD28: 240 | BE28: 255 | BF28: 225 | BG28: 240 | BH28: 225 | BI28: 0 | BJ28: 0 | BK28: 240 | BL28: 225 | BM28: 240 | BN28: 225 | BO28: 240 | BP28: 225 | BQ28: 0 | BR28: 240 | BS28: 225 | BT28: 5565 | BU28: 303 | BV28: 303 | BW28: 303 | BX28: 152 | BY28: 0 | BZ28: 303 | CA28: 303 | CB28: 303 | CC28: 303 | CD28: 303 | CE28: 0 | CF28: 0 | CG28: 0 | CH28: 0 | CI28: 0 | CJ28: 0 | CK28: 0 | CL28: 0 | CM28: 0 | CN28: 303 | CO28: 303 | CP28: 304 | CQ28: 303 | CR28: 304 | CS28: 303 | CT28: 0 | CU28: 304 | CV28: 303 | CW28: 304 | CX28: 303 | CY28: 0 | CZ28: 5610 | DA28: 0 | DB28: 0 | DC28: 0 | DD28: 0 | DE28: 246 | DF28: 246 | DG28: 246 | DH28: 246 | DI28: 246 | DJ28: 0 | DK28: 246 | DL28: 246 | DM28: 246 | DN28: 246 | DO28: 246 | DP28: 0 | DQ28: 0 | DR28: 246 | DS28: 246 | DT28: 246 | DU28: 246 | DV28: 246 | DW28: 0 | DX28: 0 | DY28: 246 | DZ28: 246 | EA28: 246 | EB28: 246 | EC28: 246 | ED28: 0 | EE28: 0 | EF28: 4920 | EH28: =A28='Monthly FC (Dont use)'!E48 -> FALSE | EJ28: =EK28&EL28 -> D1
A29: 86790-0K220-00 | B29: T742 | C29: CAMERA ASSY TELEVISION | D29: TTETA | F29: D1 | G29: 758W | H29: 20 | I29: 0 | J29: 60 | K29: 40 | L29: 60 | M29: 60 | N29: 40 | O29: 0 | P29: 0 | Q29: 60 | R29: 40 | S29: 60 | T29: 60 | U29: 40 | V29: 60 | W29: 0 | X29: 60 | Y29: 40 | Z29: 60 | AA29: 60 | AB29: 40 | AC29: 0 | AD29: 0 | AE29: 60 | AF29: 60 | AG29: 40 | AH29: 60 | AI29: 40 | AJ29: 60 | AK29: 0 | AL29: 0 | AM29: 0 | AN29: 1160 | AO29: 0 | AP29: 0 | AQ29: 80 | AR29: 100 | AS29: 80 | AT29: 80 | AU29: 40 | AV29: 0 | AW29: 100 | AX29: 80 | AY29: 100 | AZ29: 80 | BA29: 100 | BB29: 80 | BC29: 0 | BD29: 100 | BE29: 80 | BF29: 100 | BG29: 80 | BH29: 100 | BI29: 0 | BJ29: 0 | BK29: 80 | BL29: 100 | BM29: 80 | BN29: 100 | BO29: 100 | BP29: 80 | BQ29: 0 | BR29: 80 | BS29: 100 | BT29: 2100 | BU29: 110 | BV29: 110 | BW29: 110 | BX29: 55 | BY29: 0 | BZ29: 110 | CA29: 110 | CB29: 110 | CC29: 110 | CD29: 110 | CE29: 0 | CF29: 0 | CG29: 0 | CH29: 0 | CI29: 0 | CJ29: 0 | CK29: 0 | CL29: 0 | CM29: 0 | CN29: 111 | CO29: 110 | CP29: 111 | CQ29: 110 | CR29: 111 | CS29: 110 | CT29: 0 | CU29: 111 | CV29: 110 | CW29: 111 | CX29: 110 | CY29: 0 | CZ29: 2040 | DA29: 0 | DB29: 0 | DC29: 0 | DD29: 0 | DE29: 52 | DF29: 52 | DG29: 52 | DH29: 52 | DI29: 52 | DJ29: 0 | DK29: 52 | DL29: 52 | DM29: 52 | DN29: 52 | DO29: 52 | DP29: 0 | DQ29: 0 | DR29: 52 | DS29: 52 | DT29: 52 | DU29: 52 | DV29: 52 | DW29: 0 | DX29: 0 | DY29: 52 | DZ29: 52 | EA29: 52 | EB29: 52 | EC29: 52 | ED29: 0 | EE29: 0 | EF29: 1040 | EH29: =A29='Monthly FC (Dont use)'!E49 -> FALSE | EJ29: =EK29&EL29 -> 86790-0K200-00D1
EH30: =A30='Monthly FC (Dont use)'!E50 -> FALSE | EJ30: =EK30&EL30 -> 86790-0K220-00D1
EH31: =A31='Monthly FC (Dont use)'!E51 -> FALSE
EH32: =A32='Monthly FC (Dont use)'!E52 -> TRUE
AN39: =SUM(AN14:AN38) -> 26451 | BT39: =SUM(BT14:BT38) -> 31869 | CZ39: =SUM(CZ14:CZ38) -> 35336 | EF39: =SUM(EF14:EF38) -> 34167 | EG39: =EF39+CZ39+BT39+AN39 -> 127823

Sheet GW Daily
A1: HEADER
A2: PLANT CODE | B2: G
A3: PART TYPE | B3: P
A4: PRODUCTION MONTH | B4: 202506
A5: REVISION TYPE | B5: M
A6: FORECAST TYPE | B6: F
A7: WOC WEEK | B7: 00-00
A8: REVISION NUMBER | B8: 0
A9: ISSUE DATE | B9: 23/05/2025
A10: REMARKS
A11: DETAILS
Y12: N | BE12: N+1 | CK12: N+2 | DQ12: N+3
A13: PART NUMBER | B13: PART CODE | C13: PART DESC | D13: SUPP CODE | E13: SHIPPING DOCK | F13: DOCK CODE | G13: CAR FAMILY | H13: PACKING SIZE | I13: 1 | J13: 2 | K13: 3 | L13: 4 | M13: 5 | N13: 6 | O13: 7 | P13: 8 | Q13: 9 | R13: 10 | S13: 11 | T13: 12 | U13: 13 | V13: 14 | W13: 15 | X13: 16 | Y13: 17 | Z13: 18 | AA13: 19 | AB13: 20 | AC13: 21 | AD13: 22 | AE13: 23 | AF13: 24 | AG13: 25 | AH13: 26 | AI13: 27 | AJ13: 28 | AK13: 29 | AL13: 30 | AM13: 31 | AN13: N | AO13: 1 | AP13: 2 | AQ13: 3 | AR13: 4 | AS13: 5 | AT13: 6 | AU13: 7 | AV13: 8 | AW13: 9 | AX13: 10 | AY13: 11 | AZ13: 12 | BA13: 13 | BB13: 14 | BC13: 15 | BD13: 16 | BE13: 17 | BF13: 18 | BG13: 19 | BH13: 20 | BI13: 21 | BJ13: 22 | BK13: 23 | BL13: 24 | BM13: 25 | BN13: 26 | BO13: 27 | BP13: 28 | BQ13: 29 | BR13: 30 | BS13: 31 | BT13: N+1 | BU13: 1 | BV13: 2 | BW13: 3 | BX13: 4 | BY13: 5 | BZ13: 6 | CA13: 7 | CB13: 8 | CC13: 9 | CD13: 10 | CE13: 11 | CF13: 12 | CG13: 13 | CH13: 14 | CI13: 15 | CJ13: 16 | CK13: 17 | CL13: 18 | CM13: 19 | CN13: 20 | CO13: 21 | CP13: 22 | CQ13: 23 | CR13: 24 | CS13: 25 | CT13: 26 | CU13: 27 | CV13: 28 | CW13: 29 | CX13: 30 | CY13: 31 | CZ13: N+2 | DA13: 1 | DB13: 2 | DC13: 3 | DD13: 4 | DE13: 5 | DF13: 6 | DG13: 7 | DH13: 8 | DI13: 9 | DJ13: 10 | DK13: 11 | DL13: 12 | DM13: 13 | DN13: 14 | DO13: 15 | DP13: 16 | DQ13: 17 | DR13: 18 | DS13: 19 | DT13: 20 | DU13: 21 | DV13: 22 | DW13: 23 | DX13: 24 | DY13: 25 | DZ13: 26 | EA13: 27 | EB13: 28 | EC13: 29 | ED13: 30 | EE13: 31 | EF13: N+3
A14: 86790-BZ271-00 | B14: A055 | C14: CAMERA ASSY TELEVISION | D14: TTETA | F14: Z1 | G14: D33H | H14: 36 | I14: 0 | J14: 108 | K14: 108 | L14: 72 | M14: 108 | N14: 108 | O14: 0 | P14: 0 | Q14: 108 | R14: 108 | S14: 72 | T14: 72 | U14: 108 | V14: 108 | W14: 0 | X14: 72 | Y14: 108 | Z14: 108 | AA14: 72 | AB14: 108 | AC14: 0 | AD14: 0 | AE14: 108 | AF14: 72 | AG14: 108 | AH14: 72 | AI14: 108 | AJ14: 72 | AK14: 0 | AL14: 0 | AM14: 0 | AN14: 2088 | AO14: 0 | AP14: 0 | AQ14: 108 | AR14: 72 | AS14: 72 | AT14: 108 | AU14: 36 | AV14: 0 | AW14: 108 | AX14: 72 | AY14: 72 | AZ14: 108 | BA14: 72 | BB14: 72 | BC14: 0 | BD14: 108 | BE14: 72 | BF14: 72 | BG14: 108 | BH14: 72 | BI14: 0 | BJ14: 0 | BK14: 108 | BL14: 72 | BM14: 72 | BN14: 108 | BO14: 72 | BP14: 72 | BQ14: 0 | BR14: 108 | BS14: 36 | BT14: 1980 | BU14: 97 | BV14: 97 | BW14: 97 | BX14: 49 | BY14: 0 | BZ14: 97 | CA14: 97 | CB14: 97 | CC14: 97 | CD14: 97 | CE14: 0 | CF14: 0 | CG14: 0 | CH14: 0 | CI14: 0 | CJ14: 0 | CK14: 0 | CL14: 0 | CM14: 0 | CN14: 98 | CO14: 97 | CP14: 98 | CQ14: 97 | CR14: 98 | CS14: 97 | CT14: 0 | CU14: 98 | CV14: 97 | CW14: 98 | CX14: 97 | CY14: 0 | CZ14: 1800 | DA14: 0 | DB14: 0 | DC14: 0 | DD14: 0 | DE14: 92 | DF14: 92 | DG14: 92 | DH14: 92 | DI14: 92 | DJ14: 0 | DK14: 92 | DL14: 92 | DM14: 92 | DN14: 92 | DO14: 92 | DP14: 0 | DQ14: 0 | DR14: 92 | DS14: 92 | DT14: 92 | DU14: 91 | DV14: 92 | DW14: 0 | DX14: 0 | DY14: 91 | DZ14: 92 | EA14: 91 | EB14: 92 | EC14: 91 | ED14: 0 | EE14: 0 | EF14: 1836 | EI14: =EH14=A14 -> FALSE
A15: 86790-BZ280-00 | B15: V642 | C15: CAMERA ASSY TELEVISION | D15: TTETA | F15: Z1 | G15: D33H | H15: 10 | I15: 0 | J15: 410 | K15: 430 | L15: 390 | M15: 400 | N15: 390 | O15: 0 | P15: 0 | Q15: 420 | R15: 390 | S15: 410 | T15: 410 | U15: 350 | V15: 420 | W15: 0 | X15: 320 | Y15: 360 | Z15: 380 | AA15: 340 | AB15: 350 | AC15: 0 | AD15: 0 | AE15: 330 | AF15: 350 | AG15: 350 | AH15: 340 | AI15: 340 | AJ15: 330 | AK15: 0 | AL15: 0 | AM15: 0 | AN15: 8210 | AO15: 0 | AP15: 0 | AQ15: 210 | AR15: 230 | AS15: 240 | AT15: 240 | AU15: 120 | AV15: 0 | AW15: 230 | AX15: 240 | AY15: 210 | AZ15: 240 | BA15: 250 | BB15: 230 | BC15: 0 | BD15: 230 | BE15: 240 | BF15: 230 | BG15: 240 | BH15: 230 | BI15: 0 | BJ15: 0 | BK15: 230 | BL15: 210 | BM15: 220 | BN15: 250 | BO15: 230 | BP15: 240 | BQ15: 0 | BR15: 240 | BS15: 200 | BT15: 5430 | BU15: 298 | BV15: 298 | BW15: 298 | BX15: 149 | BY15: 0 | BZ15: 298 | CA15: 299 | CB15: 298 | CC15: 299 | CD15: 298 | CE15: 0 | CF15: 0 | CG15: 0 | CH15: 0 | CI15: 0 | CJ15: 0 | CK15: 0 | CL15: 0 | CM15: 0 | CN15: 299 | CO15: 298 | CP15: 299 | CQ15: 298 | CR15: 299 | CS15: 298 | CT15: 0 | CU15: 299 | CV15: 298 | CW15: 299 | CX15: 298 | CY15: 0 | CZ15: 5520 | DA15: 0 | DB15: 0 | DC15: 0 | DD15: 0 | DE15: 259 | DF15: 258 | DG15: 259 | DH15: 258 | DI15: 259 | DJ15: 0 | DK15: 258 | DL15: 259 | DM15: 258 | DN15: 259 | DO15: 258 | DP15: 0 | DQ15: 0 | DR15: 259 | DS15: 258 | DT15: 259 | DU15: 258 | DV15: 259 | DW15: 0 | DX15: 0 | DY15: 258 | DZ15: 259 | EA15: 258 | EB15: 259 | EC15: 258 | ED15: 0 | EE15: 0 | EF15: 5170 | EI15: =EH15=A15 -> FALSE
A16: 86790-BZ310-00 | B16: W611 | C16: CAMERA ASSY TELEVISION | D16: TTETA | F16: Z1 | G16: D46H | H16: 15 | I16: 0 | J16: 90 | K16: 105 | L16: 120 | M16: 90 | N16: 135 | O16: 0 | P16: 0 | Q16: 120 | R16: 90 | S16: 135 | T16: 90 | U16: 120 | V16: 195 | W16: 0 | X16: 135 | Y16: 150 | Z16: 120 | AA16: 135 | AB16: 105 | AC16: 0 | AD16: 0 | AE16: 135 | AF16: 180 | AG16: 45 | AH16: 135 | AI16: 120 | AJ16: 120 | AK16: 0 | AL16: 0 | AM16: 0 | AN16: 2670 | AO16: 0 | AP16: 0 | AQ16: 120 | AR16: 105 | AS16: 150 | AT16: 60 | AU16: 45 | AV16: 0 | AW16: 135 | AX16: 120 | AY16: 90 | AZ16: 105 | BA16: 120 | BB16: 165 | BC16: 0 | BD16: 60 | BE16: 120 | BF16: 105 | BG16: 120 | BH16: 120 | BI16: 0 | BJ16: 0 | BK16: 165 | BL16: 120 | BM16: 120 | BN16: 90 | BO16: 105 | BP16: 120 | BQ16: 0 | BR16: 150 | BS16: 135 | BT16: 2745 | BU16: 208 | BV16: 208 | BW16: 208 | BX16: 104 | BY16: 0 | BZ16: 207 | CA16: 208 | CB16: 207 | CC16: 208 | CD16: 207 | CE16: 0 | CF16: 0 | CG16: 0 | CH16: 0 | CI16: 0 | CJ16: 0 | CK16: 0 | CL16: 0 | CM16: 0 | CN16: 208 | CO16: 207 | CP16: 208 | CQ16: 207 | CR16: 208 | CS16: 207 | CT16: 0 | CU16: 208 | CV16: 207 | CW16: 208 | CX16: 207 | CY16: 0 | CZ16: 3840 | DA16: 0 | DB16: 0 | DC16: 0 | DD16: 0 | DE16: 126 | DF16: 126 | DG16: 126 | DH16: 126 | DI16: 126 | DJ16: 0 | DK16: 126 | DL16: 126 | DM16: 126 | DN16: 126 | DO16: 126 | DP16: 0 | DQ16: 0 | DR16: 126 | DS16: 126 | DT16: 126 | DU16: 126 | DV16: 126 | DW16: 0 | DX16: 0 | DY16: 126 | DZ16: 126 | EA16: 126 | EB16: 126 | EC16: 126 | ED16: 0 | EE16: 0 | EF16: 2520 | EI16: =EH16=A16 -> FALSE
A17: 86790-BZ310-00 | B17: B800 | C17: CAMERA ASSY TELEVISION | D17: TTETA | F17: G2 | G17: D46H | H17: 15 | I17: 0 | J17: 149 | K17: 148 | L17: 149 | M17: 158 | N17: 149 | O17: 0 | P17: 0 | Q17: 148 | R17: 149 | S17: 149 | T17: 148 | U17: 163 | V17: 149 | W17: 0 | X17: 148 | Y17: 149 | Z17: 148 | AA17: 149 | AB17: 149 | AC17: 0 | AD17: 0 | AE17: 158 | AF17: 149 | AG17: 148 | AH17: 149 | AI17: 148 | AJ17: 149 | AK17: 0 | AL17: 0 | AM17: 0 | AN17: 3303 | AO17: 0 | AP17: 0 | AQ17: 0 | AR17: 161 | AS17: 162 | AT17: 161 | AU17: 0 | AV17: 0 | AW17: 161 | AX17: 171 | AY17: 161 | AZ17: 170 | BA17: 161 | BB17: 142 | BC17: 0 | BD17: 161 | BE17: 170 | BF17: 161 | BG17: 161 | BH17: 161 | BI17: 0 | BJ17: 0 | BK17: 161 | BL17: 171 | BM17: 142 | BN17: 161 | BO17: 161 | BP17: 142 | BQ17: 0 | BR17: 161 | BS17: 142 | BT17: 3505 | BU17: 146 | BV17: 146 | BW17: 146 | BX17: 0 | BY17: 0 | BZ17: 146 | CA17: 146 | CB17: 146 | CC17: 146 | CD17: 146 | CE17: 0 | CF17: 0 | CG17: 0 | CH17: 0 | CI17: 0 | CJ17: 0 | CK17: 0 | CL17: 0 | CM17: 0 | CN17: 146 | CO17: 146 | CP17: 146 | CQ17: 146 | CR17: 146 | CS17: 146 | CT17: 0 | CU17: 146 | CV17: 145 | CW17: 146 | CX17: 145 | CY17: 0 | CZ17: 2626 | DA17: 0 | DB17: 0 | DC17: 0 | DD17: 0 | DE17: 142 | DF17: 142 | DG17: 142 | DH17: 141 | DI17: 142 | DJ17: 0 | DK17: 141 | DL17: 142 | DM17: 141 | DN17: 142 | DO17: 141 | DP17: 0 | DQ17: 0 | DR17: 142 | DS17: 141 | DT17: 142 | DU17: 141 | DV17: 142 | DW17: 0 | DX17: 0 | DY17: 141 | DZ17: 142 | EA17: 141 | EB17: 142 | EC17: 141 | ED17: 0 | EE17: 0 | EF17: 2831 | EI17: =EH17=A17 -> FALSE
A18: 86790-BZ321-00 | B18: B901 | C18: CAMERA ASSY TELEVISION | D18: TTETA | E18: R1 | F18: G2 | G18: D46H | H18: 6 | I18: 0 | J18: 61 | K18: 60 | L18: 60 | M18: 62 | N18: 61 | O18: 0 | P18: 0 | Q18: 60 | R18: 61 | S18: 60 | T18: 60 | U18: 65 | V18: 61 | W18: 0 | X18: 60 | Y18: 60 | Z18: 60 | AA18: 60 | AB18: 61 | AC18: 0 | AD18: 0 | AE18: 62 | AF18: 61 | AG18: 59 | AH18: 61 | AI18: 59 | AJ18: 61 | AK18: 0 | AL18: 0 | AM18: 0 | AN18: 1335 | AO18: 0 | AP18: 0 | AQ18: 0 | AR18: 81 | AS18: 81 | AT18: 82 | AU18: 0 | AV18: 0 | AW18: 81 | AX18: 86 | AY18: 81 | AZ18: 87 | BA18: 80 | BB18: 72 | BC18: 0 | BD18: 81 | BE18: 86 | BF18: 81 | BG18: 81 | BH18: 82 | BI18: 0 | BJ18: 0 | BK18: 80 | BL18: 87 | BM18: 71 | BN18: 82 | BO18: 80 | BP18: 72 | BQ18: 0 | BR18: 81 | BS18: 72 | BT18: 1767 | BU18: 67 | BV18: 67 | BW18: 67 | BX18: 0 | BY18: 0 | BZ18: 67 | CA18: 67 | CB18: 67 | CC18: 67 | CD18: 66 | CE18: 0 | CF18: 0 | CG18: 0 | CH18: 0 | CI18: 0 | CJ18: 0 | CK18: 0 | CL18: 0 | CM18: 0 | CN18: 67 | CO18: 66 | CP18: 67 | CQ18: 66 | CR18: 67 | CS18: 66 | CT18: 0 | CU18: 67 | CV18: 66 | CW18: 67 | CX18: 66 | CY18: 0 | CZ18: 1200 | DA18: 0 | DB18: 0 | DC18: 0 | DD18: 0 | DE18: 71 | DF18: 71 | DG18: 71 | DH18: 71 | DI18: 71 | DJ18: 0 | DK18: 71 | DL18: 71 | DM18: 71 | DN18: 71 | DO18: 71 | DP18: 0 | DQ18: 0 | DR18: 72 | DS18: 71 | DT18: 72 | DU18: 71 | DV18: 72 | DW18: 0 | DX18: 0 | DY18: 71 | DZ18: 72 | EA18: 71 | EB18: 72 | EC18: 71 | ED18: 0 | EE18: 0 | EF18: 1425 | EI18: =EH18=A18 -> FALSE
A19: 86790-BZ210-00 | B19: 5U62 | C19: CAMERA ASSY TELEVISION | D19: TTETA | F19: G2 | G19: D41H | H19: 21 | I19: 0 | J19: 254 | K19: 254 | L19: 254 | M19: 270 | N19: 255 | O19: 0 | P19: 0 | Q19: 258 | R19: 251 | S19: 256 | T19: 252 | U19: 278 | V19: 259 | W19: 0 | X19: 251 | Y19: 255 | Z19: 255 | AA19: 253 | AB19: 253 | AC19: 0 | AD19: 0 | AE19: 274 | AF19: 253 | AG19: 256 | AH19: 253 | AI19: 254 | AJ19: 253 | AK19: 0 | AL19: 0 | AM19: 0 | AN19: 5651 | AO19: 0 | AP19: 0 | AQ19: 0 | AR19: 321 | AS19: 325 | AT19: 322 | AU19: 0 | AV19: 0 | AW19: 324 | AX19: 341 | AY19: 325 | AZ19: 342 | BA19: 322 | BB19: 288 | BC19: 0 | BD19: 324 | BE19: 344 | BF19: 324 | BG19: 322 | BH19: 323 | BI19: 0 | BJ19: 0 | BK19: 324 | BL19: 343 | BM19: 286 | BN19: 323 | BO19: 325 | BP19: 286 | BQ19: 0 | BR19: 327 | BS19: 283 | BT19: 7044 | BU19: 290 | BV19: 290 | BW19: 290 | BX19: 0 | BY19: 0 | BZ19: 290 | CA19: 290 | CB19: 290 | CC19: 290 | CD19: 290 | CE19: 0 | CF19: 0 | CG19: 0 | CH19: 0 | CI19: 0 | CJ19: 0 | CK19: 0 | CL19: 0 | CM19: 0 | CN19: 290 | CO19: 290 | CP19: 291 | CQ19: 290 | CR19: 291 | CS19: 290 | CT19: 0 | CU19: 291 | CV19: 290 | CW19: 291 | CX19: 290 | CY19: 0 | CZ19: 5224 | DA19: 0 | DB19: 0 | DC19: 0 | DD19: 0 | DE19: 396 | DF19: 396 | DG19: 396 | DH19: 396 | DI19: 396 | DJ19: 0 | DK19: 395 | DL19: 396 | DM19: 395 | DN19: 396 | DO19: 395 | DP19: 0 | DQ19: 0 | DR19: 396 | DS19: 395 | DT19: 396 | DU19: 395 | DV19: 396 | DW19: 0 | DX19: 0 | DY19: 395 | DZ19: 396 | EA19: 395 | EB19: 396 | EC19: 395 | ED19: 0 | EE19: 0 | EF19: 7912 | EI19: =EH19=A19 -> TRUE
A20: 86790-BZ220-00 | B20: 5U63 | C20: CAMERA ASSY TELEVISION | D20: TTETA | E20: R1 | F20: G2 | G20: D41H | H20: 8 | I20: 0 | J20: 34 | K20: 36 | L20: 35 | M20: 36 | N20: 36 | O20: 0 | P20: 0 | Q20: 33 | R20: 35 | S20: 36 | T20: 34 | U20: 38 | V20: 35 | W20: 0 | X20: 35 | Y20: 34 | Z20: 35 | AA20: 35 | AB20: 35 | AC20: 0 | AD20: 0 | AE20: 36 | AF20: 35 | AG20: 34 | AH20: 35 | AI20: 35 | AJ20: 35 | AK20: 0 | AL20: 0 | AM20: 0 | AN20: 772 | AO20: 0 | AP20: 0 | AQ20: 0 | AR20: 64 | AS20: 63 | AT20: 64 | AU20: 0 | AV20: 0 | AW20: 64 | AX20: 67 | AY20: 64 | AZ20: 67 | BA20: 64 | BB20: 57 | BC20: 0 | BD20: 64 | BE20: 67 | BF20: 64 | BG20: 64 | BH20: 64 | BI20: 0 | BJ20: 0 | BK20: 63 | BL20: 68 | BM20: 55 | BN20: 65 | BO20: 63 | BP20: 57 | BQ20: 0 | BR20: 64 | BS20: 56 | BT20: 1388 | BU20: 41 | BV20: 41 | BW20: 41 | BX20: 0 | BY20: 0 | BZ20: 41 | CA20: 41 | CB20: 41 | CC20: 41 | CD20: 41 | CE20: 0 | CF20: 0 | CG20: 0 | CH20: 0 | CI20: 0 | CJ20: 0 | CK20: 0 | CL20: 0 | CM20: 0 | CN20: 41 | CO20: 40 | CP20: 41 | CQ20: 40 | CR20: 41 | CS20: 40 | CT20: 0 | CU20: 41 | CV20: 40 | CW20: 41 | CX20: 40 | CY20: 0 | CZ20: 733 | DA20: 0 | DB20: 0 | DC20: 0 | DD20: 0 | DE20: 68 | DF20: 68 | DG20: 68 | DH20: 68 | DI20: 68 | DJ20: 0 | DK20: 68 | DL20: 68 | DM20: 67 | DN20: 68 | DO20: 67 | DP20: 0 | DQ20: 0 | DR20: 68 | DS20: 67 | DT20: 68 | DU20: 67 | DV20: 68 | DW20: 0 | DX20: 0 | DY20: 67 | DZ20: 68 | EA20: 67 | EB20: 68 | EC20: 67 | ED20: 0 | EE20: 0 | EF20: 1353 | EI20: =EH20=A20 -> FALSE
A21: 86790-BZ350-00 | B21: 17U2 | C21: CAMERA ASSY TELEVISION | D21: TTETA | E21: R1 | F21: G2 | G21: D41H | H21: 8 | I21: 0 | J21: 43 | K21: 37 | L21: 40 | M21: 44 | N21: 41 | O21: 0 | P21: 0 | Q21: 37 | R21: 39 | S21: 39 | T21: 37 | U21: 43 | V21: 41 | W21: 0 | X21: 39 | Y21: 39 | Z21: 39 | AA21: 39 | AB21: 39 | AC21: 0 | AD21: 0 | AE21: 41 | AF21: 38 | AG21: 41 | AH21: 38 | AI21: 39 | AJ21: 40 | AK21: 0 | AL21: 0 | AM21: 0 | AN21: 873 | AO21: 0 | AP21: 0 | AQ21: 0 | AR21: 51 | AS21: 52 | AT21: 50 | AU21: 0 | AV21: 0 | AW21: 54 | AX21: 54 | AY21: 53 | AZ21: 54 | BA21: 53 | BB21: 47 | BC21: 0 | BD21: 52 | BE21: 55 | BF21: 51 | BG21: 52 | BH21: 53 | BI21: 0 | BJ21: 0 | BK21: 52 | BL21: 55 | BM21: 45 | BN21: 51 | BO21: 53 | BP21: 48 | BQ21: 0 | BR21: 52 | BS21: 47 | BT21: 1134 | BU21: 75 | BV21: 75 | BW21: 75 | BX21: 0 | BY21: 0 | BZ21: 75 | CA21: 75 | CB21: 75 | CC21: 76 | CD21: 75 | CE21: 0 | CF21: 0 | CG21: 0 | CH21: 0 | CI21: 0 | CJ21: 0 | CK21: 0 | CL21: 0 | CM21: 0 | CN21: 76 | CO21: 75 | CP21: 76 | CQ21: 75 | CR21: 76 | CS21: 75 | CT21: 0 | CU21: 76 | CV21: 75 | CW21: 76 | CX21: 75 | CY21: 0 | CZ21: 1356 | DA21: 0 | DB21: 0 | DC21: 0 | DD21: 0 | DE21: 73 | DF21: 73 | DG21: 73 | DH21: 73 | DI21: 74 | DJ21: 0 | DK21: 73 | DL21: 74 | DM21: 73 | DN21: 74 | DO21: 73 | DP21: 0 | DQ21: 0 | DR21: 74 | DS21: 73 | DT21: 74 | DU21: 73 | DV21: 74 | DW21: 0 | DX21: 0 | DY21: 73 | DZ21: 74 | EA21: 73 | EB21: 74 | EC21: 73 | ED21: 0 | EE21: 0 | EF21: 1468 | EI21: =EH21=A21 -> TRUE
AN23: =SUM(AN15:AN22) -> 26676 | AO23: =SUM(AO15:AO22) -> 0 | AP23: =SUM(AP15:AP22) -> 1084 | AQ23: =SUM(AQ15:AQ22) -> 1189 | AR23: =SUM(AR15:AR22) -> 1116 | AS23: =SUM(AS15:AS22) -> 1143 | AT23: =SUM(AT15:AT22) -> 1095 | AU23: =SUM(AU15:AU22) -> 0 | ... EF23: =SUM(EF15:EF22) -> 22970 | EG23: =SUM(AN23,BT23,CZ23,EF233,EF23) -> 97651
I25: =I24-G25 -> 1641
I26: =I25-I21 -> 1641 | J26: =I26-J21 -> 1641 | K26: =J26-K21 -> 1641 | L26: =K26-L21 -> 1641 | M26: =L26-M21 -> 1608 | N26: =M26-N21 -> 1569 | O26: =N26-O21 -> 1529 | P26: =O26-P21 -> 1492 | Q26: =P26-Q21 -> 1454 | ... AM26: =AL26-AM21 -> 806
I32: =H32-I16 -> 0 | J32: =I32-J16 -> 0 | K32: =J32-K16 -> 0 | L32: =K32-L16 -> 0 | M32: =L32-M16 -> -390 | N32: =M32-N16 -> -790 | O32: =N32-O16 -> -1190 | P32: =O32-P16 -> -1580 | ... AM32: =AL32-AM16 -> -6770

Sheet SR Daily
A1: HEADER
A2: PLANT CODE | B2: S
A3: PART TYPE | B3: V
A4: PRODUCTION MONTH | B4: Part No | C4: Suffix | D4: Dock | E4: Supplier | F4: Splant | G4: Sdock | H4: Kbn No. | I4: Box Q'ty | J4: Part name | K4: Start C/D OrderNo | L4: Remaining (pcs) from Standard | M4: pending PO Dec | N4: Actual
A5: REVISION TYPE | B5: 867900K051 | C5: 00 | D5: S1 | E5: TTET | F5: A | G5: O1 | H5: L342 | I5: 25 | J5: CAMERA ASSY TELEVISION | K5: 2025122301 | L5: 6427 | M5: 52 | N5: =L5-M5 -> 6375
A6: FORECAST TYPE | B6: 867900K141 | C6: 00 | D6: S1 | E6: TTET | F6: A | G6: O1 | H6: J788 | I6: 8 | J6: CAMERA ASSY TELEVISION | K6: 2025122301 | L6: 61 | M6: 12 | N6: =L6-M6 -> 49
A7: WOC WEEK | B7: 867900K171 | C7: 00 | D7: S1 | E7: TTET | F7: A | G7: O1 | H7: J789 | I7: 8 | J7: CAMERA ASSY TELEVISION | K7: 2025122301 | L7: 1084 | M7: 17 | N7: =L7-M7 -> 1067
A8: REVISION NUMBER | B8: 0
A9: ISSUE DATE | B9: 23/05/2025
A10: REMARKS
A11: DETAILS
Y12: N | BE12: N+1 | CK12: N+2 | DQ12: N+3
A13: PART NUMBER | B13: PART CODE | C13: PART DESC | D13: SUPP CODE | E13: SHIPPING DOCK | F13: DOCK CODE | G13: CAR FAMILY | H13: PACKING SIZE | I13: 1 | J13: 2 | K13: 3 | L13: 4 | M13: 5 | N13: 6 | O13: 7 | P13: 8 | Q13: 9 | R13: 10 | S13: 11 | T13: 12 | U13: 13 | V13: 14 | W13: 15 | X13: 16 | Y13: 17 | Z13: 18 | AA13: 19 | AB13: 20 | AC13: 21 | AD13: 22 | AE13: 23 | AF13: 24 | AG13: 25 | AH13: 26 | AI13: 27 | AJ13: 28 | AK13: 29 | AL13: 30 | AM13: 31 | AN13: N | AO13: 1 | AP13: 2 | AQ13: 3 | AR13: 4 | AS13: 5 | AT13: 6 | AU13: 7 | AV13: 8 | AW13: 9 | AX13: 10 | AY13: 11 | AZ13: 12 | BA13: 13 | BB13: 14 | BC13: 15 | BD13: 16 | BE13: 17 | BF13: 18 | BG13: 19 | BH13: 20 | BI13: 21 | BJ13: 22 | BK13: 23 | BL13: 24 | BM13: 25 | BN13: 26 | BO13: 27 | BP13: 28 | BQ13: 29 | BR13: 30 | BS13: 31 | BT13: N+1 | BU13: 1 | BV13: 2 | BW13: 3 | BX13: 4 | BY13: 5 | BZ13: 6 | CA13: 7 | CB13: 8 | CC13: 9 | CD13: 10 | CE13: 11 | CF13: 12 | CG13: 13 | CH13: 14 | CI13: 15 | CJ13: 16 | CK13: 17 | CL13: 18 | CM13: 19 | CN13: 20 | CO13: 21 | CP13: 22 | CQ13: 23 | CR13: 24 | CS13: 25 | CT13: 26 | CU13: 27 | CV13: 28 | CW13: 29 | CX13: 30 | CY13: 31 | CZ13: N+2 | DA13: 1 | DB13: 2 | DC13: 3 | DD13: 4 | DE13: 5 | DF13: 6 | DG13: 7 | DH13: 8 | DI13: 9 | DJ13: 10 | DK13: 11 | DL13: 12 | DM13: 13 | DN13: 14 | DO13: 15 | DP13: 16 | DQ13: 17 | DR13: 18 | DS13: 19 | DT13: 20 | DU13: 21 | DV13: 22 | DW13: 23 | DX13: 24 | DY13: 25 | DZ13: 26 | EA13: 27 | EB13: 28 | EC13: 29 | ED13: 30 | EE13: 31 | EF13: N+3
A14: 86790-0K051-00 | B14: L342 | C14: CAMERA ASSY TELEVISION | D14: TTETA | E14: O1 | F14: S1 | G14: 024J | H14: 25 | I14: 0 | J14: 59 | K14: 54 | L14: 60 | M14: 65 | N14: 58 | O14: 0 | P14: 0 | Q14: 57 | R14: 60 | S14: 58 | T14: 59 | U14: 57 | V14: 59 | W14: 0 | X14: 64 | Y14: 62 | Z14: 56 | AA14: 63 | AB14: 52 | AC14: 0 | AD14: 0 | AE14: 64 | AF14: 73 | AG14: 70 | AH14: 70 | AI14: 68 | AJ14: 64 | AK14: 0 | AL14: 0 | AM14: 0 | AN14: 1352 | AO14: 0 | AP14: 0 | AQ14: 0 | AR14: 72 | AS14: 69 | AT14: 74 | AU14: 38 | AV14: 0 | AW14: 76 | AX14: 78 | AY14: 77 | AZ14: 82 | BA14: 82 | BB14: 77 | BC14: 0 | BD14: 83 | BE14: 82 | BF14: 86 | BG14: 85 | BH14: 83 | BI14: 0 | BJ14: 0 | BK14: 82 | BL14: 82 | BM14: 74 | BN14: 87 | BO14: 78 | BP14: 80 | BQ14: 0 | BR14: 83 | BS14: 77 | BT14: 1787 | BU14: 110 | BV14: 110 | BW14: 110 | BX14: 55 | BY14: 0 | BZ14: 110 | CA14: 110 | CB14: 110 | CC14: 110 | CD14: 110 | CE14: 0 | CF14: 0 | CG14: 0 | CH14: 0 | CI14: 0 | CJ14: 0 | CK14: 0 | CL14: 0 | CM14: 0 | CN14: 110 | CO14: 110 | CP14: 110 | CQ14: 110 | CR14: 110 | CS14: 110 | CT14: 0 | CU14: 111 | CV14: 110 | CW14: 111 | CX14: 110 | CY14: 0 | CZ14: 2037 | DA14: 0 | DB14: 0 | DC14: 0 | DD14: 0 | DE14: 0 | DF14: 0 | DG14: 0 | DH14: 0 | DI14: 0 | DJ14: 0 | DK14: 0 | DL14: 0 | DM14: 0 | DN14: 0 | DO14: 0 | DP14: 0 | DQ14: 0 | DR14: 0 | DS14: 0 | DT14: 0 | DU14: 0 | DV14: 0 | DW14: 0 | DX14: 0 | DY14: 0 | DZ14: 0 | EA14: 0 | EB14: 0 | EC14: 0 | ED14: 0 | EE14: 0 | EF14: 0
A15: 86790-0K080-00 | B15: G871 | C15: CAMERA ASSY TELEVISION | D15: TTETA | E15: O1 | F15: S1 | G15: 024J | H15: 42 | I15: 0 | J15: 29 | K15: 28 | L15: 29 | M15: 32 | N15: 27 | O15: 0 | P15: 0 | Q15: 33 | R15: 27 | S15: 29 | T15: 30 | U15: 28 | V15: 28 | W15: 0 | X15: 38 | Y15: 27 | Z15: 32 | AA15: 28 | AB15: 27 | AC15: 0 | AD15: 0 | AE15: 28 | AF15: 39 | AG15: 36 | AH15: 37 | AI15: 32 | AJ15: 32 | AK15: 0 | AL15: 0 | AM15: 0 | AN15: 676 | AO15: 0 | AP15: 0 | AQ15: 0 | AR15: 46 | AS15: 50 | AT15: 45 | AU15: 23 | AV15: 0 | AW15: 53 | AX15: 49 | AY15: 54 | AZ15: 52 | BA15: 54 | BB15: 51 | BC15: 0 | BD15: 53 | BE15: 55 | BF15: 51 | BG15: 56 | BH15: 53 | BI15: 0 | BJ15: 0 | BK15: 55 | BL15: 55 | BM15: 51 | BN15: 55 | BO15: 56 | BP15: 49 | BQ15: 0 | BR15: 54 | BS15: 50 | BT15: 1170 | BU15: 59 | BV15: 59 | BW15: 59 | BX15: 29 | BY15: 0 | BZ15: 59 | CA15: 59 | CB15: 58 | CC15: 59 | CD15: 58 | CE15: 0 | CF15: 0 | CG15: 0 | CH15: 0 | CI15: 0 | CJ15: 0 | CK15: 0 | CL15: 0 | CM15: 0 | CN15: 59 | CO15: 58 | CP15: 59 | CQ15: 58 | CR15: 59 | CS15: 58 | CT15: 0 | CU15: 59 | CV15: 58 | CW15: 59 | CX15: 58 | CY15: 0 | CZ15: 1084 | DA15: 0 | DB15: 0 | DC15: 0 | DD15: 20 | DE15: 20 | DF15: 20 | DG15: 20 | DH15: 20 | DI15: 20 | DJ15: 0 | DK15: 20 | DL15: 20 | DM15: 20 | DN15: 20 | DO15: 20 | DP15: 10 | DQ15: 0 | DR15: 20 | DS15: 20 | DT15: 20 | DU15: 20 | DV15: 20 | DW15: 20 | DX15: 0 | DY15: 20 | DZ15: 20 | EA15: 20 | EB15: 21 | EC15: 20 | ED15: 0 | EE15: 0 | EF15: 451
A16: 86790-0K141-00 | B16: J788 | C16: CAMERA ASSY TELEVISION | D16: TTETA | E16: O1 | F16: S1 | G16: 024J | H16: 8 | I16: 0 | J16: 0 | K16: 0 | L16: 0 | M16: 0 | N16: 0 | O16: 0 | P16: 0 | Q16: 0 | R16: 1 | S16: 0 | T16: 0 | U16: 0 | V16: 0 | W16: 0 | X16: 0 | Y16: 0 | Z16: 0 | AA16: 0 | AB16: 1 | AC16: 0 | AD16: 0 | AE16: 0 | AF16: 0 | AG16: 0 | AH16: 0 | AI16: 0 | AJ16: 0 | AK16: 0 | AL16: 0 | AM16: 0 | AN16: 2 | AO16: 0 | AP16: 0 | AQ16: 0 | AR16: 0 | AS16: 0 | AT16: 0 | AU16: 0 | AV16: 0 | AW16: 1 | AX16: 0 | AY16: 1 | AZ16: 0 | BA16: 0 | BB16: 0 | BC16: 0 | BD16: 0 | BE16: 0 | BF16: 0 | BG16: 0 | BH16: 0 | BI16: 0 | BJ16: 0 | BK16: 0 | BL16: 0 | BM16: 1 | BN16: 0 | BO16: 1 | BP16: 0 | BQ16: 0 | BR16: 0 | BS16: 0 | BT16: 4 | BU16: 0 | BV16: 0 | BW16: 0 | BX16: 0 | BY16: 0 | BZ16: 0 | CA16: 0 | CB16: 0 | CC16: 0 | CD16: 0 | CE16: 0 | CF16: 0 | CG16: 0 | CH16: 0 | CI16: 0 | CJ16: 0 | CK16: 0 | CL16: 0 | CM16: 0 | CN16: 0 | CO16: 0 | CP16: 0 | CQ16: 0 | CR16: 0 | CS16: 0 | CT16: 0 | CU16: 0 | CV16: 0 | CW16: 0 | CX16: 0 | CY16: 0 | CZ16: 0 | DA16: 0 | DB16: 0 | DC16: 0 | DD16: 0 | DE16: 0 | DF16: 0 | DG16: 0 | DH16: 0 | DI16: 0 | DJ16: 0 | DK16: 0 | DL16: 0 | DM16: 0 | DN16: 0 | DO16: 0 | DP16: 0 | DQ16: 0 | DR16: 0 | DS16: 0 | DT16: 0 | DU16: 0 | DV16: 0 | DW16: 0 | DX16: 0 | DY16: 0 | DZ16: 0 | EA16: 0 | EB16: 0 | EC16: 0 | ED16: 0 | EE16: 0 | EF16: 0
A17: 86790-0K171-00 | B17: J789 | C17: CAMERA ASSY TELEVISION | D17: TTETA | E17: O1 | F17: S1 | G17: 024J | H17: 8 | I17: 0 | J17: 12 | K17: 8 | L17: 10 | M17: 16 | N17: 10 | O17: 0 | P17: 0 | Q17: 10 | R17: 11 | S17: 10 | T17: 10 | U17: 10 | V17: 11 | W17: 0 | X17: 13 | Y17: 14 | Z17: 9 | AA17: 12 | AB17: 8 | AC17: 0 | AD17: 0 | AE17: 12 | AF17: 13 | AG17: 16 | AH17: 12 | AI17: 10 | AJ17: 14 | AK17: 0 | AL17: 0 | AM17: 0 | AN17: 251 | AO17: 0 | AP17: 0 | AQ17: 0 | AR17: 12 | AS17: 10 | AT17: 13 | AU17: 8 | AV17: 0 | AW17: 9 | AX17: 15 | AY17: 10 | AZ17: 11 | BA17: 14 | BB17: 13 | BC17: 0 | BD17: 13 | BE17: 14 | BF17: 14 | BG17: 13 | BH17: 13 | BI17: 0 | BJ17: 0 | BK17: 16 | BL17: 12 | BM17: 8 | BN17: 14 | BO17: 11 | BP17: 18 | BQ17: 0 | BR17: 11 | BS17: 13 | BT17: 285 | BU17: 19 | BV17: 19 | BW17: 20 | BX17: 10 | BY17: 0 | BZ17: 19 | CA17: 20 | CB17: 19 | CC17: 20 | CD17: 19 | CE17: 0 | CF17: 0 | CG17: 0 | CH17: 0 | CI17: 0 | CJ17: 0 | CK17: 0 | CL17: 0 | CM17: 0 | CN17: 20 | CO17: 19 | CP17: 20 | CQ17: 19 | CR17: 20 | CS17: 19 | CT17: 0 | CU17: 20 | CV17: 19 | CW17: 20 | CX17: 19 | CY17: 0 | CZ17: 360 | DA17: 0 | DB17: 0 | DC17: 0 | DD17: 0 | DE17: 0 | DF17: 0 | DG17: 0 | DH17: 0 | DI17: 0 | DJ17: 0 | DK17: 0 | DL17: 0 | DM17: 0 | DN17: 0 | DO17: 0 | DP17: 0 | DQ17: 0 | DR17: 0 | DS17: 0 | DT17: 0 | DU17: 0 | DV17: 0 | DW17: 0 | DX17: 0 | DY17: 0 | DZ17: 0 | EA17: 0 | EB17: 0 | EC17: 0 | ED17: 0 | EE17: 0 | EF17: 0
A18: 86790-0K310-00 | B18: N748 | C18: CAMERA ASSY TELEVISION | D18: TTETA | E18: O1 | F18: S1 | G18: 025J | H18: 25 | I18: 0 | J18: 3 | K18: 3 | L18: 3 | M18: 3 | N18: 3 | O18: 0 | P18: 0 | Q18: 3 | R18: 3 | S18: 4 | T18: 3 | U18: 3 | V18: 3 | W18: 0 | X18: 3 | Y18: 3 | Z18: 3 | AA18: 3 | AB18: 3 | AC18: 0 | AD18: 0 | AE18: 3 | AF18: 4 | AG18: 3 | AH18: 4 | AI18: 4 | AJ18: 3 | AK18: 0 | AL18: 0 | AM18: 0 | AN18: 70 | AO18: 0 | AP18: 0 | AQ18: 0 | AR18: 4 | AS18: 4 | AT18: 5 | AU18: 2 | AV18: 0 | AW18: 4 | AX18: 5 | AY18: 4 | AZ18: 5 | BA18: 5 | BB18: 4 | BC18: 0 | BD18: 5 | BE18: 4 | BF18: 5 | BG18: 5 | BH18: 5 | BI18: 0 | BJ18: 0 | BK18: 4 | BL18: 5 | BM18: 5 | BN18: 5 | BO18: 4 | BP18: 5 | BQ18: 0 | BR18: 4 | BS18: 5 | BT18: 103 | BU18: 20 | BV18: 20 | BW18: 20 | BX18: 10 | BY18: 0 | BZ18: 20 | CA18: 20 | CB18: 19 | CC18: 20 | CD18: 19 | CE18: 0 | CF18: 0 | CG18: 0 | CH18: 0 | CI18: 0 | CJ18: 0 | CK18: 0 | CL18: 0 | CM18: 0 | CN18: 20 | CO18: 19 | CP18: 20 | CQ18: 19 | CR18: 20 | CS18: 19 | CT18: 0 | CU18: 20 | CV18: 19 | CW18: 20 | CX18: 19 | CY18: 0 | CZ18: 363 | DA18: 0 | DB18: 0 | DC18: 0 | DD18: 3 | DE18: 3 | DF18: 3 | DG18: 3 | DH18: 2 | DI18: 3 | DJ18: 0 | DK18: 2 | DL18: 3 | DM18: 2 | DN18: 3 | DO18: 2 | DP18: 1 | DQ18: 0 | DR18: 3 | DS18: 3 | DT18: 2 | DU18: 3 | DV18: 2 | DW18: 3 | DX18: 0 | DY18: 2 | DZ18: 3 | EA18: 2 | EB18: 3 | EC18: 2 | ED18: 0 | EE18: 0 | EF18: 58
A19: 86790-0K400-00 | B19: N749 | C19: CAMERA ASSY TELEVISION | D19: TTETA | E19: O1 | F19: S1 | G19: 025J | H19: 38 | I19: 0 | J19: 3 | K19: 3 | L19: 3 | M19: 3 | N19: 3 | O19: 0 | P19: 0 | Q19: 3 | R19: 3 | S19: 4 | T19: 3 | U19: 3 | V19: 3 | W19: 0 | X19: 3 | Y19: 3 | Z19: 3 | AA19: 3 | AB19: 3 | AC19: 0 | AD19: 0 | AE19: 3 | AF19: 4 | AG19: 3 | AH19: 4 | AI19: 4 | AJ19: 3 | AK19: 0 | AL19: 0 | AM19: 0 | AN19: 70 | AO19: 0 | AP19: 0 | AQ19: 0 | AR19: 4 | AS19: 4 | AT19: 5 | AU19: 2 | AV19: 0 | AW19: 4 | AX19: 5 | AY19: 4 | AZ19: 5 | BA19: 5 | BB19: 4 | BC19: 0 | BD19: 5 | BE19: 4 | BF19: 5 | BG19: 5 | BH19: 5 | BI19: 0 | BJ19: 0 | BK19: 4 | BL19: 5 | BM19: 5 | BN19: 5 | BO19: 4 | BP19: 5 | BQ19: 0 | BR19: 4 | BS19: 5 | BT19: 103 | BU19: 20 | BV19: 20 | BW19: 20 | BX19: 10 | BY19: 0 | BZ19: 20 | CA19: 20 | CB19: 19 | CC19: 20 | CD19: 19 | CE19: 0 | CF19: 0 | CG19: 0 | CH19: 0 | CI19: 0 | CJ19: 0 | CK19: 0 | CL19: 0 | CM19: 0 | CN19: 20 | CO19: 19 | CP19: 20 | CQ19: 19 | CR19: 20 | CS19: 19 | CT19: 0 | CU19: 20 | CV19: 19 | CW19: 20 | CX19: 19 | CY19: 0 | CZ19: 363 | DA19: 0 | DB19: 0 | DC19: 0 | DD19: 3 | DE19: 3 | DF19: 3 | DG19: 3 | DH19: 2 | DI19: 3 | DJ19: 0 | DK19: 2 | DL19: 3 | DM19: 2 | DN19: 3 | DO19: 2 | DP19: 1 | DQ19: 0 | DR19: 3 | DS19: 3 | DT19: 2 | DU19: 3 | DV19: 2 | DW19: 3 | DX19: 0 | DY19: 2 | DZ19: 3 | EA19: 2 | EB19: 3 | EC19: 2 | ED19: 0 | EE19: 0 | EF19: 58
AN20: =SUM(AN14:AN19) -> 2200 | AO20: =SUM(AO14:AO19) -> 0 | AP20: =SUM(AP14:AP19) -> 110 | AQ20: =SUM(AQ14:AQ19) -> 107 | AR20: =SUM(AR14:AR19) -> 110 | AS20: =SUM(AS14:AS19) -> 124 | AT20: =SUM(AT14:AT19) -> 105 | AU20: =SUM(AU14:AU19) -> 0 | ... EF20: =SUM(EF14:EF19) -> 4400 | EG20: =AN20+BT20+CZ20+EF20 -> 12311 | EH20: =EG20+'GW Daily'!EG23+'BPK Daily'!EG39+'BP Daily'!EG26 -> 273657
AN22: =AN20+'GW Daily'!AN23+'BPK Daily'!AN39+'BP Daily'!AN26 -> 64650 | BT22: =BT20+'GW Daily'!BT23+'BPK Daily'!BT39+'BP Daily'!BT26 -> 67859 | CZ22: =CZ20+'GW Daily'!CZ23+'BPK Daily'!CZ39+'BP Daily'!CZ26 -> 72308 | EF22: =EF20+'GW Daily'!EF23+'BPK Daily'!EF39+'BP Daily'!EF26 -> 68840

Sheet Total
A1: Update | C1: ='Monthly FC (Dont use)'!E1 -> 46010 | L1: LT : 135 days.
A2: ='Monthly FC (Dont use)'!I1 -> Production Month:Dec'25 | J2: ='By Plant'!C3&" production" -> Dec'25 production | O2: Jun's production
J3: ='Monthly FC (Dont use)'!I4 | O3: Firm-0
A4: Part | C4: for up forecast | F4: Customer code | G4: Remain June deli | H4: OH today | I4: OH Est end mth | J4: ='By Plant'!H6 -> Jan | K4: ='By Plant'!I6 -> Feb | L4: ='By Plant'!J6 -> Mar | M4: ='By Plant'!K6 -> Apr | O4: =J4 -> Jan | P4: =K4 -> Feb | Q4: =L4 -> Mar | R4: =M4 -> Apr | T4: =O4 -> Jan | U4: =P4 -> Feb | V4: =Q4 -> Mar | W4: =R4 -> Apr | Y4: =T4 -> Jan | Z4: =U4 -> Feb | AA4: =V4 -> Mar | AB4: =W4 -> Apr
A5: 86790-0K050 | B5: =LEFT(A5,11) -> 86790-0K050 | C5: 86790-0K050 | D5: HILUX REVO D-CAB | E5: 188D-D CAB | F5: BP | J5: 0 | K5: 0 | L5: 0 | M5: 0 | O5: 0 | P5: 0 | Q5: 0 | T5: =J5-O5 -> 0 | U5: =K5-P5 -> 0 | V5: =L5-Q5 -> 0 | Y5: =T5/O5 -> #DIV/0! | Z5: =U5/P5 -> #DIV/0! | AA5: =V5/Q5 -> #DIV/0!
A6: 86790-0K080 | B6: =LEFT(A6,11) -> 86790-0K080 | C6: 86790-0K080-B | D6: HILUX REVO C-CAB | E6: 188D-CAB | F6: SR | J6: =VLOOKUP($B6,Analyze!$ES$25:$EW$45,2,0) -> 1020 | K6: =VLOOKUP($B6,Analyze!$ES$25:$EW$45,3,0) -> 975 | L6: =VLOOKUP($B6,Analyze!$ES$25:$EW$45,4,0) -> 1244 | M6: =VLOOKUP($B6,Analyze!$ES$25:$EW$45,5,0) -> 1093 | O6: 1020 | P6: 1021 | Q6: 1453 | R6: =Q6*0.8 -> 1162.4 | T6: =J6-O6 -> 0 | U6: =K6-P6 -> -46 | V6: =L6-Q6 -> -209 | W6: =M6-R6 -> -69.4 | Y6: =T6/O6 -> 0 | Z6: =U6/P6 -> -0.045053869 | AA6: =V6/Q6 -> -0.14384033 | AB6: =W6/R6 -> -0.059704061
A7: 86790-0K110 | B7: =LEFT(A7,11) -> 86790-0K110 | C7: 86790-0K110-B SN1 | D7: HILUX REVO D-CAB | E7: 188D-FORTUNER | F7: BPK | J7: =VLOOKUP($B7,Analyze!$ES$25:$EW$45,2,0) -> 6940 | K7: =VLOOKUP($B7,Analyze!$ES$25:$EW$45,3,0) -> 8091 | L7: =VLOOKUP($B7,Analyze!$ES$25:$EW$45,4,0) -> 6928 | M7: =VLOOKUP($B7,Analyze!$ES$25:$EW$45,5,0) -> 6777 | O7: 7340 | P7: 7620 | Q7: 7059 | R7: =Q7*0.8 -> 5647.2 | T7: =J7-O7 -> -400 | U7: =K7-P7 -> 471 | V7: =L7-Q7 -> -131 | W7: =M7-R7 -> 1129.8 | Y7: =T7/O7 -> -0.054495913 | Z7: =U7/P7 -> 0.061811024 | AA7: =V7/Q7 -> -0.018557869 | AB7: =W7/R7 -> 0.20006375
A8: 86790-0K130 | B8: =LEFT(A8,11) -> 86790-0K130 | C8: 86790-0K130 | D8: INOVA | E8: 867B-INOVA | F8: BP
A9: 86790-0K140-A | B9: =LEFT(A9,11) -> 86790-0K140 | C9: 86790-0K140-A | D9: HILUX REVO D-CAB | E9: 188D-D CAB | F9: BP
A10: 86790-0K170-A | B10: =LEFT(A10,11) -> 86790-0K170 | C10: 86790-0K170-A | F10: BP
A11: 86790-0K180-A | B11: =LEFT(A11,11) -> 86790-0K180 | C11: 86790-0K180-A | F11: BP
A12: 86790-0K190-B | B12: =LEFT(A12,11) -> 86790-0K190 | C12: 86790-0K190-C FC1 | D12: INOVA | E12: 188D-INOVA | F12: BPK | J12: =VLOOKUP($B12,Analyze!$ES$25:$EW$45,2,0) -> 4138 | K12: =VLOOKUP($B12,Analyze!$ES$25:$EW$45,3,0) -> 4805 | L12: =VLOOKUP($B12,Analyze!$ES$25:$EW$45,4,0) -> 4464 | M12: =VLOOKUP($B12,Analyze!$ES$25:$EW$45,5,0) -> 4019 | O12: 4474 | P12: 4466 | Q12: 4621 | R12: =Q12*0.8 -> 3696.8 | T12: =J12-O12 -> -336 | U12: =K12-P12 -> 339 | V12: =L12-Q12 -> -157 | W12: =M12-R12 -> 322.2 | Y12: =T12/O12 -> -0.075100581 | Z12: =U12/P12 -> 0.075906852 | AA12: =V12/Q12 -> -0.03397533 | AB12: =W12/R12 -> 0.08715646
A13: 86790-BZ270-J | B13: =LEFT(A13,11) -> 86790-BZ270 | C13: 86790-BZ270-J FC1 | D13: VELOZ | E13: D28A | F13: GW | J13: 0 | K13: 0 | L13: 0 | M13: 0 | O13: 0 | P13: 0 | Q13: 0 | T13: =J13-O13 -> 0 | U13: =K13-P13 -> 0 | V13: =L13-Q13 -> 0 | Y13: =T13/O13 -> #DIV/0! | Z13: =U13/P13 -> #DIV/0! | AA13: =V13/Q13 -> #DIV/0!
A14: 86790-BZ271 | B14: =LEFT(A14,11) -> 86790-BZ271 | C14: 86790-BZ271-J FC1 | D14: VELOZ | E14: D28A | F14: GW | J14: =VLOOKUP($B14,Analyze!$ES$25:$EW$45,2,0) -> 2232 | K14: =VLOOKUP($B14,Analyze!$ES$25:$EW$45,3,0) -> 1944 | L14: =VLOOKUP($B14,Analyze!$ES$25:$EW$45,4,0) -> 1620 | M14: =VLOOKUP($B14,Analyze!$ES$25:$EW$45,5,0) -> 1620 | O14: 1944 | P14: 1980 | Q14: 1764 | R14: =Q14*0.8 -> 1411.2 | T14: =J14-O14 -> 288 | U14: =K14-P14 -> -36 | V14: =L14-Q14 -> -144 | W14: =M14-R14 -> 208.8 | Y14: =T14/O14 -> 0.14814815 | Z14: =U14/P14 -> -0.018181818 | AA14: =V14/Q14 -> -0.081632653 | AB14: =W14/R14 -> 0.14795918
A15: 86790-BZ280-J | B15: =LEFT(A15,11) -> 86790-BZ280 | C15: 86790-BZ280-L SN1 | D15: VELOZ | E15: D28A | F15: GW | J15: =VLOOKUP($B15,Analyze!$ES$25:$EW$45,2,0) -> 6770 | K15: =VLOOKUP($B15,Analyze!$ES$25:$EW$45,3,0) -> 8040 | L15: =VLOOKUP($B15,Analyze!$ES$25:$EW$45,4,0) -> 5500 | M15: =VLOOKUP($B15,Analyze!$ES$25:$EW$45,5,0) -> 5570 | O15: 6620 | P15: 7740 | Q15: 5940 | R15: =Q15*0.8 -> 4752 | T15: =J15-O15 -> 150 | U15: =K15-P15 -> 300 | V15: =L15-Q15 -> -440 | W15: =M15-R15 -> 818 | Y15: =T15/O15 -> 0.02265861 | Z15: =U15/P15 -> 0.03875969 | AA15: =V15/Q15 -> -0.074074074 | AB15: =W15/R15 -> 0.17213805
A16: 86790-0K120 | B16: =LEFT(A16,11) -> 86790-0K120 | C16: 86790-0K120-A | D16: HILUX REVO D-CAB | E16: 867B (BIS) | F16: BPK | J16: =VLOOKUP($B16,Analyze!$ES$25:$EW$45,2,0) -> 280 | K16: =VLOOKUP($B16,Analyze!$ES$25:$EW$45,3,0) -> 240 | L16: =VLOOKUP($B16,Analyze!$ES$25:$EW$45,4,0) -> 360 | M16: =VLOOKUP($B16,Analyze!$ES$25:$EW$45,5,0) -> 360 | O16: 280 | P16: 260 | Q16: 440 | R16: =Q16*0.8 -> 352 | T16: =J16-O16 -> 0 | U16: =K16-P16 -> -20 | V16: =L16-Q16 -> -80 | W16: =M16-R16 -> 8 | Y16: =T16/O16 -> 0 | Z16: =U16/P16 -> -0.076923077 | AA16: =V16/Q16 -> -0.18181818 | AB16: =W16/R16 -> 0.022727273
A17: 86790-0K200 | B17: =LEFT(A17,11) -> 86790-0K200 | C17: 86790-0K200-A | D17: FORETUNER | E17: 867B (BIS) | F17: BPK | J17: =VLOOKUP($B17,Analyze!$ES$25:$EW$45,2,0) -> 3280 | K17: =VLOOKUP($B17,Analyze!$ES$25:$EW$45,3,0) -> 3020 | L17: =VLOOKUP($B17,Analyze!$ES$25:$EW$45,4,0) -> 2720 | M17: =VLOOKUP($B17,Analyze!$ES$25:$EW$45,5,0) -> 2400 | O17: 3280 | P17: 3020 | Q17: 2820 | R17: =Q17*0.8 -> 2256 | T17: =J17-O17 -> 0 | U17: =K17-P17 -> 0 | V17: =L17-Q17 -> -100 | W17: =M17-R17 -> 144 | Y17: =T17/O17 -> 0 | Z17: =U17/P17 -> 0 | AA17: =V17/Q17 -> -0.035460993 | AB17: =W17/R17 -> 0.063829787
A18: 86790-0K220 | B18: =LEFT(A18,11) -> 86790-0K220 | C18: 86790-0K220-A | D18: INOVA | E18: 867B (BIS) | F18: BPK | J18: =VLOOKUP($B18,Analyze!$ES$25:$EW$45,2,0) -> 960 | K18: =VLOOKUP($B18,Analyze!$ES$25:$EW$45,3,0) -> 1300 | L18: =VLOOKUP($B18,Analyze!$ES$25:$EW$45,4,0) -> 2160 | M18: =VLOOKUP($B18,Analyze!$ES$25:$EW$45,5,0) -> 2220 | O18: 1060 | P18: 1640 | Q18: 2340 | R18: =Q18*0.8 -> 1872 | T18: =J18-O18 -> -100 | U18: =K18-P18 -> -340 | V18: =L18-Q18 -> -180 | W18: =M18-R18 -> 348 | Y18: =T18/O18 -> -0.094339623 | Z18: =U18/P18 -> -0.20731707 | AA18: =V18/Q18 -> -0.076923077 | AB18: =W18/R18 -> 0.18589744
A19: 86790-BZ210-J | B19: =LEFT(A19,11) -> 86790-BZ210 | C19: 86790-BZ210-L | D19: YARIS SEDAN | E19: D92A | F19: GW | J19: =VLOOKUP($B19,Analyze!$ES$25:$EW$45,2,0) -> 8327 | K19: =VLOOKUP($B19,Analyze!$ES$25:$EW$45,3,0) -> 5661 | L19: =VLOOKUP($B19,Analyze!$ES$25:$EW$45,4,0) -> 6900 | M19: =VLOOKUP($B19,Analyze!$ES$25:$EW$45,5,0) -> 5595 | O19: 8327 | P19: 6520 | Q19: 6814 | R19: =Q19*0.8 -> 5451.2 | T19: =J19-O19 -> 0 | U19: =K19-P19 -> -859 | V19: =L19-Q19 -> 86 | W19: =M19-R19 -> 143.8 | Y19: =T19/O19 -> 0 | Z19: =U19/P19 -> -0.13174847 | AA19: =V19/Q19 -> 0.012621074 | AB19: =W19/R19 -> 0.026379513
A20: 86790-BZ220-J | B20: =LEFT(A20,11) -> 86790-BZ220 | C20: 86790-BZ220-K | D20: YARIS SEDAN | E20: D92A | F20: GW | J20: =VLOOKUP($B20,Analyze!$ES$25:$EW$45,2,0) -> 1432 | K20: =VLOOKUP($B20,Analyze!$ES$25:$EW$45,3,0) -> 772 | L20: =VLOOKUP($B20,Analyze!$ES$25:$EW$45,4,0) -> 1133 | M20: =VLOOKUP($B20,Analyze!$ES$25:$EW$45,5,0) -> 749 | O20: 1432 | P20: 1087 | Q20: 1023 | R20: =Q20*0.8 -> 818.4 | T20: =J20-O20 -> 0 | U20: =K20-P20 -> -315 | V20: =L20-Q20 -> 110 | W20: =M20-R20 -> -69.4 | Y20: =T20/O20 -> 0 | Z20: =U20/P20 -> -0.28978841 | AA20: =V20/Q20 -> 0.10752688 | AB20: =W20/R20 -> -0.084799609
A21: 86790-0K141 | B21: =LEFT(A21,11) -> 86790-0K141 | C21: 86790-0K141-A SN1 | D21: HILUX REVO D-CAB | E21: 188D-D CAB | F21: BPK | J21: =VLOOKUP($B21,Analyze!$ES$25:$EW$45,2,0) -> 1528 | K21: =VLOOKUP($B21,Analyze!$ES$25:$EW$45,3,0) -> 1994 | L21: =VLOOKUP($B21,Analyze!$ES$25:$EW$45,4,0) -> 2198 | M21: =VLOOKUP($B21,Analyze!$ES$25:$EW$45,5,0) -> 1779 | O21: 2120 | P21: 2075 | Q21: 2514 | R21: =Q21*0.8 -> 2011.2 | T21: =J21-O21 -> -592 | U21: =K21-P21 -> -81 | V21: =L21-Q21 -> -316 | W21: =M21-R21 -> -232.2 | Y21: =T21/O21 -> -0.27924528 | Z21: =U21/P21 -> -0.039036145 | AA21: =V21/Q21 -> -0.1256961 | AB21: =W21/R21 -> -0.11545346
A22: 86790-0K171 | B22: =LEFT(A22,11) -> 86790-0K171 | C22: 86790-0K171-A TP | D22: HILUX REVO D-CAB | E22: 188D-D CAB | F22: BPK | J22: =VLOOKUP($B22,Analyze!$ES$25:$EW$45,2,0) -> 991 | K22: =VLOOKUP($B22,Analyze!$ES$25:$EW$45,3,0) -> 1176 | L22: =VLOOKUP($B22,Analyze!$ES$25:$EW$45,4,0) -> 921 | M22: =VLOOKUP($B22,Analyze!$ES$25:$EW$45,5,0) -> 1009 | O22: 1051 | P22: 1054 | Q22: 789 | R22: =Q22*0.8 -> 631.2 | T22: =J22-O22 -> -60 | U22: =K22-P22 -> 122 | V22: =L22-Q22 -> 132 | W22: =M22-R22 -> 377.8 | Y22: =T22/O22 -> -0.057088487 | Z22: =U22/P22 -> 0.11574953 | AA22: =V22/Q22 -> 0.16730038 | AB22: =W22/R22 -> 0.59854246
A23: 86790-0K181 | B23: =LEFT(A23,11) -> 86790-0K181 | C23: 86790-0K181-A SN1 | D23: FORETUNER | E23: 188D-FORTUNER | F23: BPK | J23: =VLOOKUP($B23,Analyze!$ES$25:$EW$45,2,0) -> 388 | K23: =VLOOKUP($B23,Analyze!$ES$25:$EW$45,3,0) -> 550 | L23: =VLOOKUP($B23,Analyze!$ES$25:$EW$45,4,0) -> 292 | M23: =VLOOKUP($B23,Analyze!$ES$25:$EW$45,5,0) -> 340 | O23: 436 | P23: 549 | Q23: 373 | R23: =Q23*0.8 -> 298.4 | T23: =J23-O23 -> -48 | U23: =K23-P23 -> 1 | V23: =L23-Q23 -> -81 | W23: =M23-R23 -> 41.6 | Y23: =T23/O23 -> -0.11009174 | Z23: =U23/P23 -> 0.0018214936 | AA23: =V23/Q23 -> -0.21715818 | AB23: =W23/R23 -> 0.13941019
A24: 86790-0K230 | B24: =LEFT(A24,11) -> 86790-0K230 | C24: 86790-0K230-A | D24: HILUX REVO D-CAB | E24: 188D | F24: BP | J24: =VLOOKUP($B24,Analyze!$ES$25:$EW$45,2,0) -> 1211 | K24: =VLOOKUP($B24,Analyze!$ES$25:$EW$45,3,0) -> 1050 | L24: =VLOOKUP($B24,Analyze!$ES$25:$EW$45,4,0) -> 1069 | M24: =VLOOKUP($B24,Analyze!$ES$25:$EW$45,5,0) -> 872 | O24: 1211 | P24: 1039 | Q24: 1126 | R24: =Q24*0.8 -> 900.8 | T24: =J24-O24 -> 0 | U24: =K24-P24 -> 11 | V24: =L24-Q24 -> -57 | W24: =M24-R24 -> -28.8 | Y24: =T24/O24 -> 0 | Z24: =U24/P24 -> 0.010587103 | AA24: =V24/Q24 -> -0.05062167 | AB24: =W24/R24 -> -0.031971581
A25: 86790-BZ310-J | B25: =LEFT(A25,11) -> 86790-BZ310 | C25: 86790-BZ310-L SN1 | D25: B-Segment SUV | E25: D03B | F25: GW | J25: =VLOOKUP($B25,Analyze!$ES$25:$EW$45,2,0) -> 7505 | K25: =VLOOKUP($B25,Analyze!$ES$25:$EW$45,3,0) -> 12018 | L25: =VLOOKUP($B25,Analyze!$ES$25:$EW$45,4,0) -> 11630 | M25: =VLOOKUP($B25,Analyze!$ES$25:$EW$45,5,0) -> 13017 | O25: 7805 | P25: 12378 | Q25: 10805 | R25: =Q25*0.8 -> 8644 | T25: =J25-O25 -> -300 | U25: =K25-P25 -> -360 | V25: =L25-Q25 -> 825 | W25: =M25-R25 -> 4373 | Y25: =T25/O25 -> -0.038436899 | Z25: =U25/P25 -> -0.029083858 | AA25: =V25/Q25 -> 0.07635354 | AB25: =W25/R25 -> 0.50590005
A26: 86790-0K051 | B26: =LEFT(A26,11) -> 86790-0K051 | C26: 86790-0K051-A | D26: HILUX REVO D-CAB | E26: 188D-D CAB | F26: BP | J26: =VLOOKUP($B26,Analyze!$ES$25:$EW$45,2,0) -> 11329 | K26: =VLOOKUP($B26,Analyze!$ES$25:$EW$45,3,0) -> 10123 | L26: =VLOOKUP($B26,Analyze!$ES$25:$EW$45,4,0) -> 9639 | M26: =VLOOKUP($B26,Analyze!$ES$25:$EW$45,5,0) -> 8556 | O26: 11639 | P26: 9847 | Q26: 10071 | R26: =Q26*0.8 -> 8056.8 | T26: =J26-O26 -> -310 | U26: =K26-P26 -> 276 | V26: =L26-Q26 -> -432 | W26: =M26-R26 -> 499.2 | Y26: =T26/O26 -> -0.026634591 | Z26: =U26/P26 -> 0.028028841 | AA26: =V26/Q26 -> -0.042895442 | AB26: =W26/R26 -> 0.061960083
A27: 86790-BZ320-K | B27: =LEFT(A27,11) -> 86790-BZ320 | C27: 86790-BZ320-K | D27: B-Segment SUV | E27: D03B | F27: GW | J27: 0 | K27: 0 | L27: 0 | M27: 0 | O27: 0 | P27: 0 | Q27: 0 | T27: =J27-O27 -> 0 | U27: =K27-P27 -> 0 | V27: =L27-Q27 -> 0 | Y27: =T27/O27 -> #DIV/0! | Z27: =U27/P27 -> #DIV/0! | AA27: =V27/Q27 -> #DIV/0!
A28: 86790-BZ321 | B28: =LEFT(A28,11) -> 86790-BZ321 | C28: 86790-BZ321-J | D28: B-Segment SUV | E28: D03B | F28: GW | J28: =VLOOKUP($B28,Analyze!$ES$25:$EW$45,2,0) -> 835 | K28: =VLOOKUP($B28,Analyze!$ES$25:$EW$45,3,0) -> 1335 | L28: =VLOOKUP($B28,Analyze!$ES$25:$EW$45,4,0) -> 1277 | M28: =VLOOKUP($B28,Analyze!$ES$25:$EW$45,5,0) -> 1277 | O28: 835 | P28: 1500 | Q28: 1145 | R28: =Q28*0.8 -> 916 | T28: =J28-O28 -> 0 | U28: =K28-P28 -> -165 | V28: =L28-Q28 -> 132 | W28: =M28-R28 -> 361 | Y28: =T28/O28 -> 0 | Z28: =U28/P28 -> -0.11 | AA28: =V28/Q28 -> 0.11528384 | AB28: =W28/R28 -> 0.3941048
A29: 86790-BZ350 | B29: 86790-BZ350 | C29: 86790-BZ350-M | E29: D54B | F29: GW | J29: =VLOOKUP($B29,Analyze!$ES$25:$EW$45,2,0) -> 1540 | K29: =VLOOKUP($B29,Analyze!$ES$25:$EW$45,3,0) -> 883 | L29: =VLOOKUP($B29,Analyze!$ES$25:$EW$45,4,0) -> 1727 | M29: =VLOOKUP($B29,Analyze!$ES$25:$EW$45,5,0) -> 1877 | O29: 1540 | P29: 1527 | Q29: 2024 | T29: =J29-O29 -> 0 | U29: =K29-P29 -> -644 | V29: =L29-Q29 -> -297 | Y29: =T29/O29 -> 0 | Z29: =U29/P29 -> -0.42174198 | AA29: =V29/Q29 -> -0.14673913
A30: 86790-0K310 | B30: 86790-0K310 | C30: 86790-0K310 | D30: Next IMV | E30: 581D | F30: BP | J30: =VLOOKUP($B30,Analyze!$ES$25:$EW$45,2,0) -> 1972 | K30: =VLOOKUP($B30,Analyze!$ES$25:$EW$45,3,0) -> 1941 | L30: =VLOOKUP($B30,Analyze!$ES$25:$EW$45,4,0) -> 5233 | M30: =VLOOKUP($B30,Analyze!$ES$25:$EW$45,5,0) -> 4885 | O30: 1968 | P30: 1925 | Q30: 4316 | T30: =J30-O30 -> 4 | U30: =K30-P30 -> 16 | V30: =L30-Q30 -> 917 | Y30: =T30/O30 -> 0.0020325203 | Z30: =U30/P30 -> 0.0083116883 | AA30: =V30/Q30 -> 0.21246525
A31: 86790-0K400 | B31: 86790-0K400 | C31: 86790-0K400 | D31: Next IMV | E31: 581D | F31: BP | J31: =VLOOKUP($B31,Analyze!$ES$25:$EW$45,2,0) -> 1972 | K31: =VLOOKUP($B31,Analyze!$ES$25:$EW$45,3,0) -> 1941 | L31: =VLOOKUP($B31,Analyze!$ES$25:$EW$45,4,0) -> 5293 | M31: =VLOOKUP($B31,Analyze!$ES$25:$EW$45,5,0) -> 4825 | O31: 1968 | P31: 1925 | Q31: 4328 | T31: =J31-O31 -> 4 | U31: =K31-P31 -> 16 | V31: =L31-Q31 -> 965 | Y31: =T31/O31 -> 0.0020325203 | Z31: =U31/P31 -> 0.0083116883 | AA31: =V31/Q31 -> 0.22296673
A35: Grand Total | J35: =SUM(J5:J32) -> 64650 | K35: =SUM(K5:K32) -> 67859 | L35: =SUM(L5:L32) -> 72308 | M35: =SUM(M5:M32) -> 68840 | N35: =SUM(J35:M35) -> 273657 | O35: =SUM(O5:O32) -> 66350 | P35: =SUM(P5:P32) -> 69173 | Q35: =SUM(Q5:Q32) -> 71765
O37: =(J35-O35)/J35 -> -0.026295437 | P37: =(K35-P35)/K35 -> -0.019363681 | Q37: =(L35-Q35)/L35 -> 0.0075095425
O39: =J35-O35 -> -1700 | P39: =K35-P35 -> -1314 | Q39: =L35-Q35 -> 543
B42: for up forecast | D42: Remain June deli | E42: OH today
B43: 86790-BZ270-J FC1 | D43: 252 | E43: 1494
B44: 86790-BZ280-J SN1 | D44: 870 | E44: 4295
B45: 86790-0K200-A | D45: 800 | E45: 2549
B46: 86790-BZ310-J SN1 | D46: 1122 | E46: 6345

Sheet Sheet1
D2: Firm 0 (Production as of July'23)
D3: Part | H3: Customer code | I3: July | J3: August | K3: September | L3: October
D4: 86790-0K050 | E4: 86790-0K050 | F4: HILUX REVO D-CAB | G4: 188D-D CAB | H4: BP | I4: 22128 | J4: 10950 | K4: 6260 | L4: 4580
F6: Data from K'Chaiyo
F7: Imp.CD | G7: CFC | H7: Part No. | I7: Jul'23 | J7: Aug'23 | K7: Sep'23 | L7: Oct'23
F8: 301B | G8: 889W | H8: 867900K050 | I8: 6300 | J8: 0 | K8: 0 | L8: 0
F9: 537B | G9: 889W | H9: 867900K050 | I9: 5140 | J9: 6400 | K9: 5880 | L9: 4360
F10: 704B | G10: 889W | H10: 867900K050 | I10: 100 | J10: 90 | K10: 0 | L10: 0
F11: 717C | G11: 889W | H11: 867900K050 | I11: 250 | J11: 380 | K11: 380 | L11: 220
H12: Sum | I12: =SUM(I8:I11) -> 11790 | J12: =SUM(J8:J11) -> 6870 | K12: =SUM(K8:K11) -> 6260 | L12: =SUM(L8:L11) -> 4580
H14: Gap | I14: =I12-I4 -> -10338 | J14: =J12-J4 -> -4080 | K14: =K12-K4 -> 0 | L14: =L12-L4 -> 0

Sheet Sheet2
A4: 86790-0K051-00 | B4: 9673 | C4: 12094 | D4: 8906 | E4: 3950
A5: 86790-0K080-00 | B5: 975 | C5: 1237 | D5: 1084 | E5: 451
A6: 86790-0K110-00 | B6: 8051 | C6: 8078 | D6: 5797 | E6: 5615
A7: 86790-0K120-00 | B7: 240 | C7: 360 | D7: 200 | E7: 20
A8: 86790-0K141-00 | B8: 1946 | C8: 2404 | D8: 1451 | E8: 912
A9: 86790-0K171-00 | B9: 1026 | C9: 1077 | D9: 1019 | E9: 230
A10: 86790-0K181-00 | B10: 582 | C10: 388 | D10: 386 | E10: 367
A11: 86790-0K190-00 | B11: 4745 | C11: 5243 | D11: 3468 | E11: 3284
A12: 86790-0K200-00 | B12: 3020 | C12: 2820 | D12: 2880 | E12: 2620
A13: 86790-0K220-00 | B13: 1160 | C13: 2100 | D13: 2040 | E13: 1040
A14: 86790-0K230-00 | B14: 1082 | C14: 1309 | D14: 822 | E14: 288
A15: 86790-0K310-00 | B15: 1910 | C15: 5903 | D15: 5385 | E15: 5966
... A24: Grand Total | B24: 67252 | C24: 79486 | D24: 66744 | E24: 60180

Sheet Analyze
AO1: Dec | BU1: Jan | DA1: Feb | EG1: Mar
A2: PART NUMBERPlant | B2: PART NUMBER | C2: PART CODE | D2: PART DESC | E2: SUPP CODE | F2: SHIPPING DOCK | G2: DOCK CODE | H2: CAR FAMILY | I2: PACKING SIZE | J2: 1 | K2: 2 | L2: 3 | M2: 4 | N2: 5 | O2: 6 | P2: 7 | Q2: 8 | R2: 9 | S2: 10 | T2: 11 | U2: 12 | V2: 13 | W2: 14 | X2: 15 | Y2: 16 | Z2: 17 | AA2: 18 | AB2: 19 | AC2: 20 | AD2: 21 | AE2: 22 | AF2: 23 | AG2: 24 | AH2: 25 | AI2: 26 | AJ2: 27 | AK2: 28 | AL2: 29 | AM2: 30 | AN2: 31 | AO2: N | AP2: 1 | AQ2: 2 | AR2: 3 | AS2: 4 | AT2: 5 | AU2: 6 | AV2: 7 | AW2: 8 | AX2: 9 | AY2: 10 | AZ2: 11 | BA2: 12 | BB2: 13 | BC2: 14 | BD2: 15 | BE2: 16 | BF2: 17 | BG2: 18 | BH2: 19 | BI2: 20 | BJ2: 21 | BK2: 22 | BL2: 23 | BM2: 24 | BN2: 25 | BO2: 26 | BP2: 27 | BQ2: 28 | BR2: 29 | BS2: 30 | BT2: 31 | BU2: N+1 | BV2: 1 | BW2: 2 | BX2: 3 | BY2: 4 | BZ2: 5 | CA2: 6 | CB2: 7 | CC2: 8 | CD2: 9 | CE2: 10 | CF2: 11 | CG2: 12 | CH2: 13 | CI2: 14 | CJ2: 15 | CK2: 16 | CL2: 17 | CM2: 18 | CN2: 19 | CO2: 20 | CP2: 21 | CQ2: 22 | CR2: 23 | CS2: 24 | CT2: 25 | CU2: 26 | CV2: 27 | CW2: 28 | CX2: 29 | CY2: 30 | CZ2: 31 | DA2: N+2 | DB2: 1 | DC2: 2 | DD2: 3 | DE2: 4 | DF2: 5 | DG2: 6 | DH2: 7 | DI2: 8 | DJ2: 9 | DK2: 10 | DL2: 11 | DM2: 12 | DN2: 13 | DO2: 14 | DP2: 15 | DQ2: 16 | DR2: 17 | DS2: 18 | DT2: 19 | DU2: 20 | DV2: 21 | DW2: 22 | DX2: 23 | DY2: 24 | DZ2: 25 | EA2: 26 | EB2: 27 | EC2: 28 | ED2: 29 | EE2: 30 | EF2: 31 | EG2: N+3
A3: =EI3&EH3&EM3 -> 86790-0K051BP | B3: 86790-0K051-00 | C3: I338 | D3: CAMERA ASSY TELEVISION | E3: TTETA | F3: MS | G3: P1 | H3: 024J | I3: 25 | J3: 0 | K3: 0 | L3: 0 | M3: 0 | N3: 55 | O3: 112 | P3: 109 | Q3: 110 | R3: 109 | S3: 0 | T3: 0 | U3: 108 | V3: 106 | W3: 111 | X3: 105 | Y3: 112 | Z3: 102 | AA3: 0 | AB3: 113 | AC3: 106 | AD3: 109 | AE3: 106 | AF3: 97 | AG3: 0 | AH3: 0 | AI3: 111 | AJ3: 108 | AK3: 106 | AL3: 104 | AM3: 104 | AN3: 93 | EH3: BP | EI3: =LEFT(B3,11) -> 86790-0K051 | EJ3: 86790-0K051 | EK3: =VLOOKUP(EJ3,'By Plant'!B:D,3,0) -> BP | EL3: =LEFT(B3,11)&EH3&G3 -> 86790-0K051BPP1 | EM3: =IFERROR(VLOOKUP(EL3,$EQ$5:$ER$12,2,0),"") | ER3: TRUE | ES3: 86790-0K051-00 | ET3: 9673 | EU3: 12094 | EV3: 8906 | EW3: 3950
A4: =EI4&EH4&EM4 -> 86790-0K080BP | B4: 86790-0K080-00 | C4: A369 | D4: CAMERA ASSY TELEVISION | E4: TTETA | F4: MS | G4: P1 | H4: 024J | I4: 42 | J4: 0 | K4: 0 | L4: 0 | M4: 0 | N4: 65 | O4: 18 | P4: 15 | Q4: 16 | R4: 20 | S4: 0 | T4: 0 | U4: 17 | V4: 21 | W4: 16 | X4: 17 | Y4: 17 | Z4: 16 | AA4: 0 | AB4: 21 | AC4: 17 | AD4: 18 | AE4: 16 | AF4: 14 | AG4: 0 | AH4: 0 | AI4: 21 | AJ4: 17 | AK4: 18 | AL4: 17 | AM4: 15 | AN4: 16 | EH4: BP | EI4: =LEFT(B4,11) -> 86790-0K080 | EJ4: 86790-0K080 | EK4: =VLOOKUP(EJ4,'By Plant'!B:D,3,0) -> SR | EL4: =LEFT(B4,11)&EH4&G4 -> 86790-0K080BPP1 | EM4: =IFERROR(VLOOKUP(EL4,$EQ$5:$ER$12,2,0),"") | ER4: TRUE | ES4: 86790-0K080-00 | ET4: 975 | EU4: 1237 | EV4: 1084 | EW4: 451
A5: =EI5&EH5&EM5 -> 86790-0K110BP | B5: 86790-0K110-00 | C5: A370 | D5: CAMERA ASSY TELEVISION | E5: TTETA | F5: MS | G5: P1 | H5: 024J | I5: 18 | J5: 0 | K5: 0 | L5: 0 | M5: 0 | N5: 33 | O5: 42 | P5: 41 | Q5: 40 | R5: 41 | S5: 0 | T5: 0 | U5: 43 | V5: 38 | W5: 41 | X5: 39 | Y5: 41 | Z5: 38 | AA5: 0 | AB5: 39 | AC5: 40 | AD5: 43 | AE5: 37 | AF5: 35 | AG5: 0 | AH5: 0 | AI5: 39 | AJ5: 42 | AK5: 36 | AL5: 39 | AM5: 39 | AN5: 34 | EH5: BP | EI5: =LEFT(B5,11) -> 86790-0K110 | EJ5: 86790-0K110 | EK5: =VLOOKUP(EJ5,'By Plant'!B:D,3,0) -> BP | EL5: =LEFT(B5,11)&EH5&G5 -> 86790-0K110BPP1 | EM5: =IFERROR(VLOOKUP(EL5,$EQ$5:$ER$12,2,0),"") | EN5: 86790-0K050 | EO5: BPK | EP5: B2 | EQ5: =LEFT(EN5,11)&EO5&EP5 -> 86790-0K050BPKB2 | ER5: TRUE | ES5: 86790-0K110-00 | ET5: 8051 | EU5: 8078 | EV5: 5797 | EW5: 5615
A6: =EI6&EH6&EM6 -> 86790-0K141BP | B6: 86790-0K141-00 | C6: F165 | D6: CAMERA ASSY TELEVISION | E6: TTETA | F6: MS | G6: P1 | H6: 024J | I6: 8 | J6: 0 | K6: 0 | L6: 0 | M6: 0 | N6: 0 | O6: 19 | P6: 22 | Q6: 18 | R6: 22 | S6: 0 | T6: 0 | U6: 18 | V6: 20 | W6: 20 | X6: 20 | Y6: 20 | Z6: 14 | AA6: 0 | AB6: 20 | AC6: 17 | AD6: 20 | AE6: 21 | AF6: 18 | AG6: 0 | AH6: 0 | AI6: 19 | AJ6: 19 | AK6: 19 | AL6: 20 | AM6: 22 | AN6: 15 | EH6: BP | EI6: =LEFT(B6,11) -> 86790-0K141 | EJ6: 86790-0K141 | EK6: =VLOOKUP(EJ6,'By Plant'!B:D,3,0) -> BPK | EL6: =LEFT(B6,11)&EH6&G6 -> 86790-0K141BPP1 | EM6: =IFERROR(VLOOKUP(EL6,$EQ$5:$ER$12,2,0),"") | EN6: 86790-0K110 | EO6: BPK | EP6: BN | EQ6: =LEFT(EN6,11)&EO6&EP6 -> 86790-0K110BPKBN | ER6: TRUE | ES6: 86790-0K120-00 | ET6: 240 | EU6: 360 | EV6: 200 | EW6: 20
A7: =EI7&EH7&EM7 -> 86790-0K171BP | B7: 86790-0K171-00 | C7: F320 | D7: CAMERA ASSY TELEVISION | E7: TTETA | F7: MS | G7: P1 | H7: 024J | I7: 8 | J7: 0 | K7: 0 | L7: 0 | M7: 0 | N7: 17 | O7: 22 | P7: 21 | Q7: 28 | R7: 17 | S7: 0 | T7: 0 | U7: 28 | V7: 21 | W7: 20 | X7: 24 | Y7: 24 | Z7: 26 | AA7: 0 | AB7: 19 | AC7: 20 | AD7: 25 | AE7: 23 | AF7: 22 | AG7: 0 | AH7: 0 | AI7: 21 | AJ7: 25 | AK7: 22 | AL7: 21 | AM7: 19 | AN7: 22 | EH7: BP | EI7: =LEFT(B7,11) -> 86790-0K171 | EJ7: 86790-0K171 | EK7: =VLOOKUP(EJ7,'By Plant'!B:D,3,0) -> SR | EL7: =LEFT(B7,11)&EH7&G7 -> 86790-0K171BPP1 | EM7: =IFERROR(VLOOKUP(EL7,$EQ$5:$ER$12,2,0),"") | EN7: 86790-0K051-00 | EO7: BPK | EP7: D1 | EQ7: =LEFT(EN7,11)&EO7&EP7 -> 86790-0K051BPKD1 | ER7: TRUE | ES7: 86790-0K141-00 | ET7: 1946 | EU7: 2404 | EV7: 1451 | EW7: 912
A8: =EI8&EH8&EM8 -> 86790-0K181BP | B8: 86790-0K181-00 | C8: F323 | D8: CAMERA ASSY TELEVISION | E8: TTETA | F8: MS | G8: P1 | H8: 024J | I8: 8 | J8: 0 | K8: 0 | L8: 0 | M8: 0 | N8: 0 | O8: 4 | P8: 3 | Q8: 4 | R8: 3 | S8: 0 | T8: 0 | U8: 3 | V8: 4 | W8: 3 | X8: 3 | Y8: 3 | Z8: 2 | AA8: 0 | AB8: 4 | AC8: 4 | AD8: 3 | AE8: 3 | AF8: 2 | AG8: 0 | AH8: 0 | AI8: 4 | AJ8: 4 | AK8: 3 | AL8: 3 | AM8: 4 | AN8: 2 | EH8: BP | EI8: =LEFT(B8,11) -> 86790-0K181 | EJ8: 86790-0K181 | EK8: =VLOOKUP(EJ8,'By Plant'!B:D,3,0) -> BP | EL8: =LEFT(B8,11)&EH8&G8 -> 86790-0K181BPP1 | EM8: =IFERROR(VLOOKUP(EL8,$EQ$5:$ER$12,2,0),"") | EN8: 86790-0K051-00 | EO8: BPK | EP8: BN | EQ8: =LEFT(EN8,11)&EO8&EP8 -> 86790-0K051BPKBN | ER8: TRUE | ES8: 86790-0K171-00 | ET8: 1026 | EU8: 1077 | EV8: 1019 | EW8: 230
A9: =EI9&EH9&EM9 -> 86790-0K190BP | B9: 86790-0K190-00 | C9: D331 | D9: CAMERA ASSY TELEVISION | E9: TTETA | F9: MS | G9: P1 | H9: 024J | I9: 6 | J9: 0 | K9: 0 | L9: 0 | M9: 0 | N9: 16 | O9: 18 | P9: 17 | Q9: 18 | R9: 19 | S9: 0 | T9: 0 | U9: 18 | V9: 16 | W9: 20 | X9: 17 | Y9: 18 | Z9: 16 | AA9: 0 | AB9: 17 | AC9: 16 | AD9: 20 | AE9: 17 | AF9: 15 | AG9: 0 | AH9: 0 | AI9: 18 | AJ9: 19 | AK9: 17 | AL9: 17 | AM9: 17 | AN9: 16 | EH9: BP | EI9: =LEFT(B9,11) -> 86790-0K190 | EJ9: 86790-0K190 | EK9: =VLOOKUP(EJ9,'By Plant'!B:D,3,0) -> BP | EL9: =LEFT(B9,11)&EH9&G9 -> 86790-0K190BPP1 | EM9: =IFERROR(VLOOKUP(EL9,$EQ$5:$ER$12,2,0),"") | EN9: 86790-0K141-00 | EO9: BPK | EP9: BN | EQ9: =LEFT(EN9,11)&EO9&EP9 -> 86790-0K141BPKBN | ER9: TRUE | ES9: 86790-0K181-00 | ET9: 582 | EU9: 388 | EV9: 386 | EW9: 367
A10: =EI10&EH10&EM10 -> 86790-0K230BP | B10: 86790-0K230-00 | C10: F530 | D10: CAMERA ASSY TELEVISION | E10: TTETA | F10: MS | G10: P1 | H10: 024J | I10: 10 | J10: 0 | K10: 0 | L10: 0 | M10: 0 | N10: 27 | O10: 32 | P10: 33 | Q10: 31 | R10: 33 | S10: 0 | T10: 0 | U10: 26 | V10: 29 | W10: 37 | X10: 27 | Y10: 32 | Z10: 28 | AA10: 0 | AB10: 28 | AC10: 35 | AD10: 25 | AE10: 30 | AF10: 26 | AG10: 0 | AH10: 0 | AI10: 32 | AJ10: 29 | AK10: 29 | AL10: 29 | AM10: 27 | AN10: 26 | EH10: BP | EI10: =LEFT(B10,11) -> 86790-0K230 | EJ10: 86790-0K230 | EK10: =VLOOKUP(EJ10,'By Plant'!B:D,3,0) -> BP | EL10: =LEFT(B10,11)&EH10&G10 -> 86790-0K230BPP1 | EM10: =IFERROR(VLOOKUP(EL10,$EQ$5:$ER$12,2,0),"") | EN10: 86790-0K171-00 | EO10: BPK | EP10: BN | EQ10: =LEFT(EN10,11)&EO10&EP10 -> 86790-0K171BPKBN | ER10: TRUE | ES10: 86790-0K190-00 | ET10: 4745 | EU10: 5243 | EV10: 3468 | EW10: 3284
A11: =EI11&EH11&EM11 -> 86790-0K310BP | B11: 86790-0K310-00 | C11: AU19 | D11: CAMERA ASSY TELEVISION | E11: TTETA | G11: E1 | H11: 025J | I11: 25 | J11: 0 | K11: 0 | L11: 0 | M11: 0 | N11: 93 | O11: 90 | P11: 90 | Q11: 92 | R11: 89 | S11: 0 | T11: 0 | U11: 92 | V11: 90 | W11: 89 | X11: 94 | Y11: 94 | Z11: 86 | AA11: 0 | AB11: 64 | AC11: 52 | AD11: 58 | AE11: 53 | AF11: 51 | AG11: 0 | AH11: 0 | AI11: 58 | AJ11: 53 | AK11: 57 | AL11: 60 | AM11: 52 | AN11: 51 | EH11: BP | EI11: =LEFT(B11,11) -> 86790-0K310 | EJ11: 86790-0K310 | EK11: =VLOOKUP(EJ11,'By Plant'!B:D,3,0) -> BP | EL11: =LEFT(B11,11)&EH11&G11 -> 86790-0K310BPP1 | EM11: =IFERROR(VLOOKUP(EL11,$EQ$5:$ER$12,2,0),"") | EN11: 86790-BZ310-00 | EO11: GW | EP11: Z1 | EQ11: =LEFT(EN11,11)&EO11&EP11 -> 86790-BZ310GWZ1 | ER11: TRUE | ES11: 86790-0K200-00 | ET11: 3020 | EU11: 2820 | EV11: 2880 | EW11: 2620
A12: =EI12&EH12&EM12 -> 86790-0K310BP | B12: 86790-0K310-00 | C12: AU19 | D12: CAMERA ASSY TELEVISION | E12: TTETA | F12: N2 | G12: P1 | H12: 025J | I12: 25 | J12: 0 | K12: 0 | L12: 0 | M12: 0 | N12: 0 | O12: 0 | P12: 1 | Q12: 2 | R12: 1 | S12: 0 | T12: 0 | U12: 5 | V12: 13 | W12: 12 | X12: 13 | Y12: 15 | Z12: 15 | AA12: 0 | AB12: 14 | AC12: 16 | AD12: 14 | AE12: 15 | AF12: 19 | AG12: 0 | AH12: 0 | AI12: 18 | AJ12: 20 | AK12: 20 | AL12: 20 | AM12: 17 | AN12: 16 | EH12: BP | EI12: =LEFT(B12,11) -> 86790-0K310 | EJ12: 86790-0K310 | EK12: =VLOOKUP(EJ12,'By Plant'!B:D,3,0) -> BP | EL12: =LEFT(B12,11)&EH12&G12 -> 86790-0K310BPE1 | EM12: =IFERROR(VLOOKUP(EL12,$EQ$5:$ER$12,2,0),"") | EN12: 86790-0K190-00 | EO12: BPK | EP12: BN | EQ12: =LEFT(EN12,11)&EO12&EP12 -> 86790-0K190BPKBN | ER12: TRUE | ES12: 86790-0K220-00 | ET12: 1160 | EU12: 2100 | EV12: 2040 | EW12: 1040
A13: =EI13&EH13&EM13 -> 86790-0K400BP | B13: 86790-0K400-00 | C13: AU20 | D13: CAMERA ASSY TELEVISION | E13: TTETA | G13: E1 | H13: 025J | I13: 38 | J13: 0 | K13: 0 | L13: 0 | M13: 0 | N13: 93 | O13: 90 | P13: 90 | Q13: 92 | R13: 89 | S13: 0 | T13: 0 | U13: 92 | V13: 90 | W13: 89 | X13: 94 | Y13: 94 | Z13: 86 | AA13: 0 | AB13: 64 | AC13: 52 | AD13: 58 | AE13: 53 | AF13: 51 | AG13: 0 | AH13: 0 | AI13: 58 | AJ13: 53 | AK13: 57 | AL13: 60 | AM13: 52 | AN13: 51 | EH13: BP | EI13: =LEFT(B13,11) -> 86790-0K400 | EJ13: 86790-0K400 | EK13: =VLOOKUP(EJ13,'By Plant'!B:D,3,0) -> BP | EL13: =LEFT(B13,11)&EH13&G13 -> 86790-0K400BPP1 | EM13: =IFERROR(VLOOKUP(EL13,$EQ$5:$ER$12,2,0),"") | ER13: TRUE | ES13: 86790-0K230-00 | ET13: 1082 | EU13: 1309 | EV13: 822 | EW13: 288
A14: =EI14&EH14&EM14 -> 86790-0K400BP | B14: 86790-0K400-00 | C14: AU20 | D14: CAMERA ASSY TELEVISION | E14: TTETA | F14: N2 | G14: P1 | H14: 025J | I14: 38 | J14: 0 | K14: 0 | L14: 0 | M14: 0 | N14: 0 | O14: 0 | P14: 1 | Q14: 2 | R14: 1 | S14: 0 | T14: 0 | U14: 5 | V14: 13 | W14: 12 | X14: 13 | Y14: 15 | Z14: 15 | AA14: 0 | AB14: 14 | AC14: 16 | AD14: 14 | AE14: 15 | AF14: 19 | AG14: 0 | AH14: 0 | AI14: 18 | AJ14: 20 | AK14: 20 | AL14: 20 | AM14: 17 | AN14: 16 | EH14: BP | EI14: =LEFT(B14,11) -> 86790-0K400 | EJ14: 86790-0K400 | EK14: =VLOOKUP(EJ14,'By Plant'!B:D,3,0) -> BP | EL14: =LEFT(B14,11)&EH14&G14 -> 86790-0K400BPE1 | EM14: =IFERROR(VLOOKUP(EL14,$EQ$5:$ER$12,2,0),"") | ER14: TRUE | ES14: 86790-0K310-00 | ET14: 1910 | EU14: 5903 | EV14: 5385 | EW14: 5966
A15: =EI15&EH15&EM15 -> 86790-0K220BPK | B15: 86790-0K051-00 | C15: W036 | D15: CAMERA ASSY TELEVISION | E15: TTETA | G15: BN | H15: 024J | I15: 25 | J15: 0 | K15: 0 | L15: 0 | M15: 0 | N15: 40 | O15: 40 | P15: 60 | Q15: 40 | R15: 40 | S15: 0 | T15: 0 | U15: 40 | V15: 40 | W15: 40 | X15: 60 | Y15: 40 | Z15: 40 | AA15: 0 | AB15: 40 | AC15: 40 | AD15: 60 | AE15: 40 | AF15: 40 | AG15: 0 | AH15: 0 | AI15: 40 | AJ15: 40 | AK15: 60 | AL15: 40 | AM15: 40 | AN15: 40 | EH15: BPK | EI15: =LEFT(B15,11) -> 86790-0K220 | EJ15: 86790-0K220 | EK15: =VLOOKUP(EJ15,'By Plant'!B:D,3,0) -> BPK | EL15: =LEFT(B15,11)&EH15&G15 -> 86790-0K220BPKD1 | EM15: =IFERROR(VLOOKUP(EL15,$EQ$5:$ER$12,2,0),"") | ER15: TRUE | ES15: 86790-0K400-00 | ET15: 1910 | EU15: 5915 | EV15: 5397 | EW15: 6002
A16: =EI16&EH16&EM16 -> 86790-0K051BPKTP1 | B16: 86790-0K051-00 | C16: W036 | D16: CAMERA ASSY TELEVISION | E16: TTETA | G16: D1 | H16: 024J | I16: 30 | J16: 0 | K16: 0 | L16: 0 | M16: 0 | N16: 0 | O16: 0 | P16: 0 | Q16: 0 | R16: 0 | S16: 0 | T16: 0 | U16: 0 | V16: 0 | W16: 0 | X16: 0 | Y16: 0 | Z16: 0 | AA16: 0 | AB16: 0 | AC16: 0 | AD16: 0 | AE16: 0 | AF16: 0 | AG16: 0 | AH16: 0 | AI16: 0 | AJ16: 0 | AK16: 0 | AL16: 0 | AM16: 0 | AN16: 0 | EH16: BPK | EI16: =LEFT(B16,11) -> 86790-0K051 | EJ16: 86790-0K051 | EK16: =VLOOKUP(EJ16,'By Plant'!B:D,3,0) -> BP | EL16: =LEFT(B16,11)&EH16&G16 -> 86790-0K051BPKBN | EM16: =IFERROR(VLOOKUP(EL16,$EQ$5:$ER$12,2,0),"") -> TP1 | ER16: TRUE | ES16: 86790-BZ210-00 | ET16: 5651 | EU16: 7044 | EV16: 5224 | EW16: 7912
A17: =EI17&EH17&EM17 -> 86790-0K051BPKTP1 | B17: 86790-0K110-00 | C17: M523 | D17: CAMERA ASSY TELEVISION | E17: TTETA | G17: BN | H17: 024J | I17: 10 | J17: 0 | K17: 0 | L17: 0 | M17: 0 | N17: 0 | O17: 0 | P17: 0 | Q17: 0 | R17: 0 | S17: 0 | T17: 0 | U17: 0 | V17: 0 | W17: 0 | X17: 0 | Y17: 0 | Z17: 0 | AA17: 0 | AB17: 0 | AC17: 0 | AD17: 0 | AE17: 0 | AF17: 0 | AG17: 0 | AH17: 0 | AI17: 0 | AJ17: 0 | AK17: 0 | AL17: 0 | AM17: 0 | AN17: 0 | EH17: BPK | EI17: =LEFT(B17,11) -> 86790-0K051 | EJ17: 86790-0K051 | EK17: =VLOOKUP(EJ17,'By Plant'!B:D,3,0) -> BP | EL17: =LEFT(B17,11)&EH17&G17 -> 86790-0K051BPKBN | EM17: =IFERROR(VLOOKUP(EL17,$EQ$5:$ER$12,2,0),"") -> TP1 | ER17: TRUE | ES17: 86790-BZ220-00 | ET17: 772 | EU17: 1388 | EV17: 733 | EW17: 1353
A18: =EI18&EH18&EM18 -> 86790-0K051BPKTP1 | B18: 86790-0K110-00 | C18: M523 | D18: CAMERA ASSY TELEVISION | E18: TTETA | G18: D1 | H18: 024J | I18: 20 | J18: 0 | K18: 0 | L18: 0 | M18: 0 | N18: 10 | O18: 30 | P18: 20 | Q18: 20 | R18: 20 | S18: 0 | T18: 0 | U18: 20 | V18: 20 | W18: 30 | X18: 30 | Y18: 30 | Z18: 30 | AA18: 0 | AB18: 30 | AC18: 20 | AD18: 30 | AE18: 30 | AF18: 30 | AG18: 0 | AH18: 0 | AI18: 30 | AJ18: 40 | AK18: 40 | AL18: 40 | AM18: 30 | AN18: 30 | EH18: BPK | EI18: =LEFT(B18,11) -> 86790-0K051 | EJ18: 86790-0K051 | EK18: =VLOOKUP(EJ18,'By Plant'!B:D,3,0) -> BP | EL18: =LEFT(B18,11)&EH18&G18 -> 86790-0K051BPKBN | EM18: =IFERROR(VLOOKUP(EL18,$EQ$5:$ER$12,2,0),"") -> TP1 | ER18: TRUE | ES18: 86790-BZ271-00 | ET18: 2088 | EU18: 1980 | EV18: 1800 | EW18: 1836
A19: =EI19&EH19&EM19 -> 86790-0K051BPKSN1 | B19: 86790-0K120-00 | C19: T962 | D19: CAMERA ASSY TELEVISION | E19: TTETA | G19: D1 | H19: 024J | I19: 20 | J19: 0 | K19: 0 | L19: 0 | M19: 0 | N19: 330 | O19: 300 | P19: 390 | Q19: 360 | R19: 330 | S19: 0 | T19: 0 | U19: 330 | V19: 360 | W19: 330 | X19: 300 | Y19: 330 | Z19: 330 | AA19: 0 | AB19: 330 | AC19: 330 | AD19: 300 | AE19: 330 | AF19: 360 | AG19: 0 | AH19: 0 | AI19: 360 | AJ19: 300 | AK19: 330 | AL19: 330 | AM19: 300 | AN19: 300 | EH19: BPK | EI19: =LEFT(B19,11) -> 86790-0K051 | EJ19: 86790-0K051 | EK19: =VLOOKUP(EJ19,'By Plant'!B:D,3,0) -> BP | EL19: =LEFT(B19,11)&EH19&G19 -> 86790-0K051BPKD1 | EM19: =IFERROR(VLOOKUP(EL19,$EQ$5:$ER$12,2,0),"") -> SN1 | ER19: TRUE | ES19: 86790-BZ280-00 | ET19: 8210 | EU19: 5430 | EV19: 5520 | EW19: 5170
A20: =EI20&EH20&EM20 -> 86790-0K110BPK | B20: 86790-0K141-00 | C20: U324 | D20: CAMERA ASSY TELEVISION | E20: TTETA | G20: D1 | H20: 024J | I20: 16 | J20: 0 | K20: 0 | L20: 0 | M20: 0 | N20: 260 | O20: 200 | P20: 260 | Q20: 260 | R20: 240 | S20: 0 | T20: 0 | U20: 280 | V20: 280 | W20: 280 | X20: 260 | Y20: 260 | Z20: 300 | AA20: 0 | AB20: 240 | AC20: 260 | AD20: 280 | AE20: 280 | AF20: 260 | AG20: 0 | AH20: 0 | AI20: 240 | AJ20: 300 | AK20: 320 | AL20: 320 | AM20: 280 | AN20: 300 | EH20: BPK | EI20: =LEFT(B20,11) -> 86790-0K110 | EJ20: 86790-0K110 | EK20: =VLOOKUP(EJ20,'By Plant'!B:D,3,0) -> BP | EL20: =LEFT(B20,11)&EH20&G20 -> 86790-0K110BPKD1 | EM20: =IFERROR(VLOOKUP(EL20,$EQ$5:$ER$12,2,0),"") | ER20: TRUE | ES20: 86790-BZ310-00 | ET20: 12003 | EU20: 11815 | EV20: 12076 | EW20: 10271
A21: =EI21&EH21&EM21 -> 86790-0K110BPKTP1 | B21: 86790-0K171-00 | C21: U325 | D21: CAMERA ASSY TELEVISION | E21: TTETA | G21: BN | H21: 024J | I21: 8 | J21: 0 | K21: 0 | L21: 0 | M21: 0 | N21: 0 | O21: 10 | P21: 10 | Q21: 10 | R21: 10 | S21: 0 | T21: 0 | U21: 10 | V21: 10 | W21: 10 | X21: 0 | Y21: 0 | Z21: 10 | AA21: 0 | AB21: 0 | AC21: 0 | AD21: 10 | AE21: 0 | AF21: 0 | AG21: 0 | AH21: 0 | AI21: 10 | AJ21: 0 | AK21: 0 | AL21: 0 | AM21: 10 | AN21: 10 | EH21: BPK | EI21: =LEFT(B21,11) -> 86790-0K110 | EJ21: 86790-0K110 | EK21: =VLOOKUP(EJ21,'By Plant'!B:D,3,0) -> BP | EL21: =LEFT(B21,11)&EH21&G21 -> 86790-0K110BPKBN | EM21: =IFERROR(VLOOKUP(EL21,$EQ$5:$ER$12,2,0),"") -> TP1 | ER21: TRUE | ES21: 86790-BZ321-00 | ET21: 1335 | EU21: 1767 | EV21: 1200 | EW21: 1425
A22: =EI22&EH22&EM22 -> 86790-0K141BPKTP1 | B22: 86790-0K181-00 | C22: U326 | D22: CAMERA ASSY TELEVISION | E22: TTETA | G22: D1 | H22: 024J | I22: 16 | J22: 0 | K22: 0 | L22: 0 | M22: 0 | N22: 0 | O22: 0 | P22: 0 | Q22: 0 | R22: 0 | S22: 0 | T22: 0 | U22: 0 | V22: 0 | W22: 0 | X22: 0 | Y22: 0 | Z22: 0 | AA22: 0 | AB22: 0 | AC22: 0 | AD22: 0 | AE22: 0 | AF22: 0 | AG22: 0 | AH22: 0 | AI22: 0 | AJ22: 0 | AK22: 0 | AL22: 0 | AM22: 0 | AN22: 0 | EH22: BPK | EI22: =LEFT(B22,11) -> 86790-0K141 | EJ22: 86790-0K110 | EK22: =VLOOKUP(EJ22,'By Plant'!B:D,3,0) -> BP | EL22: =LEFT(B22,11)&EH22&G22 -> 86790-0K141BPKBN | EM22: =IFERROR(VLOOKUP(EL22,$EQ$5:$ER$12,2,0),"") -> TP1 | ER22: TRUE | ES22: 86790-BZ350-00 | ET22: 873 | EU22: 1134 | EV22: 1356 | EW22: 1468
A23: =EI23&EH23&EM23 -> 86790-0K120BPK | B23: 86790-0K190-00 | C23: T023 | D23: CAMERA ASSY TELEVISION | E23: TTETA | G23: D1 | H23: 024J | I23: 42 | J23: 0 | K23: 0 | L23: 0 | M23: 0 | N23: 20 | O23: 0 | P23: 20 | Q23: 20 | R23: 0 | S23: 0 | T23: 0 | U23: 20 | V23: 0 | W23: 20 | X23: 20 | Y23: 0 | Z23: 20 | AA23: 0 | AB23: 20 | AC23: 0 | AD23: 20 | AE23: 20 | AF23: 0 | AG23: 0 | AH23: 0 | AI23: 20 | AJ23: 0 | AK23: 20 | AL23: 20 | AM23: 0 | AN23: 20 | EH23: BPK | EI23: =LEFT(B23,11) -> 86790-0K120 | EJ23: 86790-0K120 | EK23: =VLOOKUP(EJ23,'By Plant'!B:D,3,0) -> BPK | EL23: =LEFT(B23,11)&EH23&G23 -> 86790-0K120BPKD1 | EM23: =IFERROR(VLOOKUP(EL23,$EQ$5:$ER$12,2,0),"")
A24: =EI24&EH24&EM24 -> 86790-0K141BPK | B24: 86790-0K190-00 | C24: T023 | D24: CAMERA ASSY TELEVISION | E24: TTETA | G24: BN | H24: 024J | I24: 6 | J24: 0 | K24: 0 | L24: 0 | M24: 0 | N24: 64 | O24: 48 | P24: 80 | Q24: 80 | R24: 48 | S24: 0 | T24: 0 | U24: 48 | V24: 48 | W24: 48 | X24: 48 | Y24: 48 | Z24: 48 | AA24: 0 | AB24: 48 | AC24: 48 | AD24: 32 | AE24: 48 | AF24: 48 | AG24: 0 | AH24: 0 | AI24: 48 | AJ24: 64 | AK24: 32 | AL24: 48 | AM24: 48 | AN24: 48 | EH24: BPK | EI24: =LEFT(B24,11) -> 86790-0K141 | EJ24: 86790-0K141 | EK24: =VLOOKUP(EJ24,'By Plant'!B:D,3,0) -> BPK | EL24: =LEFT(B24,11)&EH24&G24 -> 86790-0K141BPKD1 | EM24: =IFERROR(VLOOKUP(EL24,$EQ$5:$ER$12,2,0),"") | FG24: =SUM(FC24:FF24) -> 273657
A25: =EI25&EH25&EM25 -> 86790-0K171BPKTP1 | B25: 86790-0K200-00 | C25: T741 | D25: CAMERA ASSY TELEVISION | E25: TTETA | G25: D1 | H25: 024J | I25: 20 | J25: 0 | K25: 0 | L25: 0 | M25: 0 | N25: 10 | O25: 0 | P25: 10 | Q25: 0 | R25: 10 | S25: 0 | T25: 0 | U25: 10 | V25: 0 | W25: 10 | X25: 10 | Y25: 10 | Z25: 10 | AA25: 0 | AB25: 20 | AC25: 0 | AD25: 20 | AE25: 10 | AF25: 10 | AG25: 0 | AH25: 0 | AI25: 20 | AJ25: 20 | AK25: 20 | AL25: 20 | AM25: 20 | AN25: 20 | EH25: BPK | EI25: =LEFT(B25,11) -> 86790-0K171 | EJ25: 86790-0K171 | EK25: =VLOOKUP(EJ25,'By Plant'!B:D,3,0) -> SR | EL25: =LEFT(B25,11)&EH25&G25 -> 86790-0K171BPKBN | EM25: =IFERROR(VLOOKUP(EL25,$EQ$5:$ER$12,2,0),"") -> TP1 | ER25: =ES25=LEFT(FB4,11) -> TRUE | EZ25: 86790-0K051 | FA25: =LEFT(ES25,11) -> 86790-0K051
A26: =EI26&EH26&EM26 -> 86790-0K171BPK | B26: 86790-0K220-00 | C26: T742 | D26: CAMERA ASSY TELEVISION | E26: TTETA | G26: D1 | H26: 758W | I26: 20 | J26: 0 | K26: 0 | L26: 0 | M26: 0 | N26: 0 | O26: 0 | P26: 0 | Q26: 0 | R26: 0 | S26: 0 | T26: 0 | U26: 0 | V26: 0 | W26: 0 | X26: 0 | Y26: 0 | Z26: 0 | AA26: 0 | AB26: 0 | AC26: 0 | AD26: 0 | AE26: 0 | AF26: 0 | AG26: 0 | AH26: 0 | AI26: 0 | AJ26: 0 | AK26: 0 | AL26: 0 | AM26: 0 | AN26: 0 | EH26: BPK | EI26: =LEFT(B26,11) -> 86790-0K171 | EJ26: 86790-0K171 | EK26: =VLOOKUP(EJ26,'By Plant'!B:D,3,0) -> SR | EL26: =LEFT(B26,11)&EH26&G26 -> 86790-0K171BPKD1 | EM26: =IFERROR(VLOOKUP(EL26,$EQ$5:$ER$12,2,0),"") | ER26: =ES26=LEFT(FB5,11) -> TRUE | EZ26: 86790-0K080 | FA26: =LEFT(ES26,11) -> 86790-0K080
A27: =EI27&EH27&EM27 -> 86790-0K171BPKTP1 | B27: 86790-0K230-00 | C27: U750 | D27: CAMERA ASSY TELEVISION | E27: TTETA | G27: D1 | H27: 024J | I27: 16 | J27: 0 | K27: 0 | L27: 0 | M27: 0 | N27: 0 | O27: 0 | P27: 0 | Q27: 0 | R27: 0 | S27: 0 | T27: 0 | U27: 0 | V27: 0 | W27: 0 | X27: 0 | Y27: 0 | Z27: 0 | AA27: 0 | AB27: 0 | AC27: 0 | AD27: 0 | AE27: 0 | AF27: 0 | AG27: 0 | AH27: 0 | AI27: 0 | AJ27: 0 | AK27: 0 | AL27: 0 | AM27: 0 | AN27: 0 | EH27: BPK | EI27: =LEFT(B27,11) -> 86790-0K171 | EJ27: 86790-0K171 | EK27: =VLOOKUP(EJ27,'By Plant'!B:D,3,0) -> SR | EL27: =LEFT(B27,11)&EH27&G27 -> 86790-0K171BPKBN | EM27: =IFERROR(VLOOKUP(EL27,$EQ$5:$ER$12,2,0),"") -> TP1 | ER27: =ES27=LEFT(FB6,11) -> TRUE | EZ27: 86790-0K110 | FA27: =LEFT(ES27,11) -> 86790-0K110
A28: =EI28&EH28&EM28 -> 86790-0K181BPK | B28: 86790-0K310-00 | C28: X402 | D28: CAMERA ASSY TELEVISION | E28: TTETA | G28: D1 | H28: 025J | I28: 60 | J28: 0 | K28: 0 | L28: 0 | M28: 0 | N28: 16 | O28: 16 | P28: 16 | Q28: 0 | R28: 16 | S28: 0 | T28: 0 | U28: 16 | V28: 16 | W28: 0 | X28: 16 | Y28: 32 | Z28: 0 | AA28: 0 | AB28: 16 | AC28: 32 | AD28: 0 | AE28: 16 | AF28: 0 | AG28: 0 | AH28: 0 | AI28: 32 | AJ28: 16 | AK28: 16 | AL28: 16 | AM28: 16 | AN28: 16 | EH28: BPK | EI28: =LEFT(B28,11) -> 86790-0K181 | EJ28: 86790-0K181 | EK28: =VLOOKUP(EJ28,'By Plant'!B:D,3,0) -> BP | EL28: =LEFT(B28,11)&EH28&G28 -> 86790-0K181BPKD1 | EM28: =IFERROR(VLOOKUP(EL28,$EQ$5:$ER$12,2,0),"") | ER28: =ES28=LEFT(FB7,11) -> TRUE | EZ28: 86790-0K120 | FA28: =LEFT(ES28,11) -> 86790-0K120
A29: =EI29&EH29&EM29 -> 86790-0K190BPK | B29: 86790-0K400-00 | C29: X403 | D29: CAMERA ASSY TELEVISION | E29: TTETA | G29: D1 | H29: 025J | I29: 84 | J29: 0 | K29: 0 | L29: 0 | M29: 0 | N29: 126 | O29: 84 | P29: 168 | Q29: 168 | R29: 168 | S29: 0 | T29: 0 | U29: 168 | V29: 168 | W29: 126 | X29: 210 | Y29: 210 | Z29: 126 | AA29: 0 | AB29: 168 | AC29: 168 | AD29: 210 | AE29: 168 | AF29: 168 | AG29: 0 | AH29: 0 | AI29: 168 | AJ29: 168 | AK29: 210 | AL29: 168 | AM29: 126 | AN29: 252 | EH29: BPK | EI29: =LEFT(B29,11) -> 86790-0K190 | EJ29: 86790-0K190 | EK29: =VLOOKUP(EJ29,'By Plant'!B:D,3,0) -> BP | EL29: =LEFT(B29,11)&EH29&G29 -> 86790-0K190BPKD1 | EM29: =IFERROR(VLOOKUP(EL29,$EQ$5:$ER$12,2,0),"") | ER29: =ES29=LEFT(FB8,11) -> TRUE | EZ29: 86790-0K141 | FA29: =LEFT(ES29,11) -> 86790-0K141
A30: =EI30&EH30&EM30 -> 86790-0K190BPKTP1 | B30: 86790-BZ310-00 | C30: W976 | D30: CAMERA ASSY TELEVISION | E30: TTETA | G30: D1 | H30: D54H | I30: 15 | J30: 0 | K30: 0 | L30: 0 | M30: 0 | N30: 0 | O30: 0 | P30: 0 | Q30: 0 | R30: 0 | S30: 0 | T30: 0 | U30: 0 | V30: 0 | W30: 10 | X30: 0 | Y30: 0 | Z30: 10 | AA30: 0 | AB30: 0 | AC30: 0 | AD30: 10 | AE30: 0 | AF30: 0 | AG30: 0 | AH30: 0 | AI30: 10 | AJ30: 0 | AK30: 0 | AL30: 0 | AM30: 10 | AN30: 10 | EH30: BPK | EI30: =LEFT(B30,11) -> 86790-0K190 | EJ30: 86790-0K190 | EK30: =VLOOKUP(EJ30,'By Plant'!B:D,3,0) -> BP | EL30: =LEFT(B30,11)&EH30&G30 -> 86790-0K190BPKBN | EM30: =IFERROR(VLOOKUP(EL30,$EQ$5:$ER$12,2,0),"") -> TP1 | ER30: =ES30=LEFT(FB9,11) -> TRUE | EZ30: 86790-0K171 | FA30: =LEFT(ES30,11) -> 86790-0K171
A31: =EI31&EH31&EM31 -> 86790-0K200BPK | B31: 86790-BZ210-00 | C31: 5U62 | D31: CAMERA ASSY TELEVISION | E31: TTETA | G31: G2 | H31: D41H | I31: 21 | J31: 0 | K31: 0 | L31: 0 | M31: 0 | N31: 140 | O31: 160 | P31: 140 | Q31: 140 | R31: 160 | S31: 0 | T31: 0 | U31: 140 | V31: 180 | W31: 140 | X31: 140 | Y31: 160 | Z31: 140 | AA31: 0 | AB31: 140 | AC31: 160 | AD31: 140 | AE31: 140 | AF31: 180 | AG31: 0 | AH31: 0 | AI31: 140 | AJ31: 160 | AK31: 140 | AL31: 140 | AM31: 160 | AN31: 140 | EH31: GW | EI31: =LEFT(B31,11) -> 86790-0K200 | EJ31: 86790-0K200 | EK31: =VLOOKUP(EJ31,'By Plant'!B:D,3,0) -> BPK | EL31: =LEFT(B31,11)&EH31&G31 -> 86790-0K200BPKD1 | EM31: =IFERROR(VLOOKUP(EL31,$EQ$5:$ER$12,2,0),"") | ER31: =ES31=LEFT(FB10,11) -> TRUE | EZ31: 86790-0K181 | FA31: =LEFT(ES31,11) -> 86790-0K181
A32: =EI32&EH32&EM32 -> 86790-0K230BPK | B32: 86790-BZ220-00 | C32: 5U63 | D32: CAMERA ASSY TELEVISION | E32: TTETA | F32: R1 | G32: G2 | H32: D41H | I32: 8 | J32: 0 | K32: 0 | L32: 0 | M32: 0 | N32: 16 | O32: 16 | P32: 32 | Q32: 32 | R32: 32 | S32: 0 | T32: 0 | U32: 16 | V32: 48 | W32: 16 | X32: 16 | Y32: 48 | Z32: 16 | AA32: 0 | AB32: 32 | AC32: 16 | AD32: 32 | AE32: 32 | AF32: 16 | AG32: 0 | AH32: 0 | AI32: 48 | AJ32: 16 | AK32: 16 | AL32: 32 | AM32: 16 | AN32: 16 | EH32: GW | EI32: =LEFT(B32,11) -> 86790-0K230 | EJ32: 86790-0K230 | EK32: =VLOOKUP(EJ32,'By Plant'!B:D,3,0) -> BP | EL32: =LEFT(B32,11)&EH32&G32 -> 86790-0K230BPKD1 | EM32: =IFERROR(VLOOKUP(EL32,$EQ$5:$ER$12,2,0),"") | ER32: =ES32=LEFT(FB11,11) -> TRUE | EZ32: 86790-0K190 | FA32: =LEFT(ES32,11) -> 86790-0K190
A33: =EI33&EH33&EM33 -> 86790-BZ310BPK | B33: 86790-BZ271-00 | C33: A055 | D33: CAMERA ASSY TELEVISION | E33: TTETA | G33: Z1 | H33: D33H | I33: 36 | J33: 0 | K33: 0 | L33: 0 | M33: 0 | N33: 90 | O33: 90 | P33: 90 | Q33: 90 | R33: 90 | S33: 0 | T33: 0 | U33: 90 | V33: 90 | W33: 90 | X33: 90 | Y33: 90 | Z33: 90 | AA33: 0 | AB33: 90 | AC33: 90 | AD33: 90 | AE33: 75 | AF33: 90 | AG33: 0 | AH33: 0 | AI33: 90 | AJ33: 90 | AK33: 90 | AL33: 90 | AM33: 90 | AN33: 90 | EH33: GW | EI33: =LEFT(B33,11) -> 86790-BZ310 | EJ33: 86790-BZ310 | EK33: =VLOOKUP(EJ33,'By Plant'!B:D,3,0) -> GW | EL33: =LEFT(B33,11)&EH33&G33 -> 86790-BZ310BPKD1 | EM33: =IFERROR(VLOOKUP(EL33,$EQ$5:$ER$12,2,0),"") | ER33: =ES33=LEFT(FB12,11) -> TRUE | EZ33: 86790-0K200 | FA33: =LEFT(ES33,11) -> 86790-0K200
A34: =EI34&EH34&EM34 -> 86790-0K310BPK | B34: 86790-BZ280-00 | C34: V642 | D34: CAMERA ASSY TELEVISION | E34: TTETA | G34: Z1 | H34: D33H | I34: 10 | J34: 0 | K34: 0 | L34: 0 | M34: 0 | N34: 0 | O34: 0 | P34: 0 | Q34: 0 | R34: 0 | S34: 0 | T34: 0 | U34: 0 | V34: 0 | W34: 0 | X34: 0 | Y34: 0 | Z34: 0 | AA34: 0 | AB34: 0 | AC34: 0 | AD34: 0 | AE34: 0 | AF34: 0 | AG34: 0 | AH34: 0 | AI34: 0 | AJ34: 0 | AK34: 0 | AL34: 0 | AM34: 0 | AN34: 0 | EH34: GW | EI34: =LEFT(B34,11) -> 86790-0K310 | EJ34: 86790-0K310 | EL34: =LEFT(B34,11)&EH34&G34 -> 86790-0K310BPKD1 | EM34: =IFERROR(VLOOKUP(EL36,$EQ$5:$ER$12,2,0),"") | ER34: =ES34=LEFT(FB13,11) -> TRUE | EZ34: 86790-0K220 | FA34: =LEFT(ES34,11) -> 86790-0K220
A35: =EI35&EH35&EM35 -> 86790-0K400BPK | B35: 86790-BZ310-00 | C35: W611 | D35: CAMERA ASSY TELEVISION | E35: TTETA | G35: Z1 | H35: D46H | I35: 15 | J35: 0 | K35: 0 | L35: 0 | M35: 0 | N35: 0 | O35: 0 | P35: 0 | Q35: 0 | R35: 0 | S35: 0 | T35: 0 | U35: 0 | V35: 0 | W35: 0 | X35: 0 | Y35: 0 | Z35: 0 | AA35: 0 | AB35: 0 | AC35: 0 | AD35: 0 | AE35: 0 | AF35: 0 | AG35: 0 | AH35: 0 | AI35: 0 | AJ35: 0 | AK35: 0 | AL35: 0 | AM35: 0 | AN35: 0 | EH35: GW | EI35: =LEFT(B35,11) -> 86790-0K400 | EJ35: 86790-0K400 | EL35: =LEFT(B35,11)&EH35&G35 -> 86790-0K400BPKD1 | EM35: =IFERROR(VLOOKUP(EL37,$EQ$5:$ER$12,2,0),"") | ER35: =ES35=LEFT(FB14,11) -> TRUE | EZ35: 86790-0K230 | FA35: =LEFT(ES35,11) -> 86790-0K230
A36: =EI36&EH36&EM34 -> 86790-BZ271GW | B36: 86790-BZ310-00 | C36: B800 | D36: CAMERA ASSY TELEVISION | E36: TTETA | G36: G2 | H36: D46H | I36: 15 | J36: 0 | K36: 0 | L36: 0 | M36: 0 | N36: 144 | O36: 108 | P36: 72 | Q36: 108 | R36: 144 | S36: 0 | T36: 0 | U36: 108 | V36: 72 | W36: 144 | X36: 72 | Y36: 108 | Z36: 108 | AA36: 0 | AB36: 108 | AC36: 108 | AD36: 72 | AE36: 108 | AF36: 72 | AG36: 0 | AH36: 0 | AI36: 144 | AJ36: 72 | AK36: 72 | AL36: 144 | AM36: 72 | AN36: 72 | EH36: GW | EI36: =LEFT(B36,11) -> 86790-BZ271 | EJ36: 86790-BZ271 | EK36: =VLOOKUP(EJ36,'By Plant'!B:D,3,0) -> GW | EL36: =LEFT(B36,11)&EH36&G36 -> 86790-BZ271GWZ1 | EM36: =IFERROR(VLOOKUP(EL38,$EQ$5:$ER$12,2,0),"") | ER36: =ES36=LEFT(FB15,11) -> TRUE | EZ36: 86790-0K310 | FA36: 86790-0K310
A37: =EI37&EH37&EM35 -> 86790-BZ280GW | B37: 86790-BZ321-00 | C37: B901 | D37: CAMERA ASSY TELEVISION | E37: TTETA | F37: R1 | G37: G2 | H37: D46H | I37: 6 | J37: 0 | K37: 0 | L37: 0 | M37: 0 | N37: 390 | O37: 400 | P37: 400 | Q37: 390 | R37: 400 | S37: 0 | T37: 0 | U37: 440 | V37: 450 | W37: 450 | X37: 450 | Y37: 250 | Z37: 250 | AA37: 0 | AB37: 250 | AC37: 250 | AD37: 200 | AE37: 200 | AF37: 190 | AG37: 0 | AH37: 0 | AI37: 250 | AJ37: 220 | AK37: 210 | AL37: 240 | AM37: 240 | AN37: 250 | EH37: GW | EI37: =LEFT(B37,11) -> 86790-BZ280 | EJ37: 86790-BZ280 | EK37: =VLOOKUP(EJ37,'By Plant'!B:D,3,0) -> GW | EL37: =LEFT(B37,11)&EH37&G37 -> 86790-BZ280GWZ1 | EM37: =IFERROR(VLOOKUP(EL39,$EQ$5:$ER$12,2,0),"") | ER37: =ES37=LEFT(FB16,11) -> TRUE | EZ37: 86790-0K400 | FA37: 86790-0K400
A38: =EI38&EH38&EM36 -> 86790-BZ210GW | B38: 86790-BZ350-00 | C38: 17U2 | D38: CAMERA ASSY TELEVISION | E38: TTETA | F38: R1 | G38: G2 | H38: D41H | I38: 8 | J38: 0 | K38: 0 | L38: 0 | M38: 0 | N38: 335 | O38: 386 | P38: 403 | Q38: 384 | R38: 381 | S38: 0 | T38: 0 | U38: 406 | V38: 386 | W38: 405 | X38: 378 | Y38: 383 | Z38: 360 | AA38: 0 | AB38: 408 | AC38: 385 | AD38: 408 | AE38: 380 | AF38: 360 | AG38: 0 | AH38: 0 | AI38: 390 | AJ38: 352 | AK38: 367 | AL38: 354 | AM38: 359 | AN38: 357 | EH38: GW | EI38: =LEFT(B38,11) -> 86790-BZ210 | EJ38: 86790-BZ210 | EK38: =VLOOKUP(EJ38,'By Plant'!B:D,3,0) -> GW | EL38: =LEFT(B38,11)&EH38&G38 -> 86790-BZ210GWG2 | EM38: =IFERROR(VLOOKUP(EL40,$EQ$5:$ER$12,2,0),"") -> SN1 | ER38: =ES38=LEFT(FB17,11) -> TRUE | EZ38: 86790-BZ210 | FA38: =LEFT(ES38,11) -> 86790-BZ210
A39: =EI39&EH39&EM37 -> 86790-BZ220GW | B39: 86790-0K051-00 | C39: L342 | D39: CAMERA ASSY TELEVISION | E39: TTETA | F39: O1 | G39: S1 | H39: 024J | I39: 25 | J39: 0 | K39: 0 | L39: 0 | M39: 0 | N39: 46 | O39: 66 | P39: 69 | Q39: 64 | R39: 66 | S39: 0 | T39: 0 | U39: 69 | V39: 65 | W39: 69 | X39: 65 | Y39: 66 | Z39: 62 | AA39: 0 | AB39: 73 | AC39: 65 | AD39: 67 | AE39: 66 | AF39: 62 | AG39: 0 | AH39: 0 | AI39: 70 | AJ39: 66 | AK39: 66 | AL39: 66 | AM39: 62 | AN39: 62 | EH39: SR | EI39: =LEFT(B39,11) -> 86790-BZ220 | EJ39: 86790-BZ220 | EK39: =VLOOKUP(EJ39,'By Plant'!B:D,3,0) -> GW | EL39: =LEFT(B39,11)&EH39&G39 -> 86790-BZ220GWG2 | EM39: =IFERROR(VLOOKUP(EL41,$EQ$5:$ER$12,2,0),"") | ER39: =ES39=LEFT(FB18,11) -> TRUE | EZ39: 86790-BZ220 | FA39: =LEFT(ES39,11) -> 86790-BZ220
A40: =EI40&EH40&EM38 -> 86790-BZ310GWSN1 | B40: 86790-0K080-00 | C40: G871 | D40: CAMERA ASSY TELEVISION | E40: TTETA | F40: O1 | G40: S1 | H40: 024J | I40: 42 | J40: 0 | K40: 0 | L40: 0 | M40: 0 | N40: 165 | O40: 90 | P40: 165 | Q40: 150 | R40: 165 | S40: 0 | T40: 0 | U40: 195 | V40: 165 | W40: 75 | X40: 165 | Y40: 180 | Z40: 225 | AA40: 0 | AB40: 120 | AC40: 120 | AD40: 165 | AE40: 165 | AF40: 150 | AG40: 0 | AH40: 0 | AI40: 210 | AJ40: 120 | AK40: 75 | AL40: 165 | AM40: 165 | AN40: 195 | EH40: SR | EI40: =LEFT(B40,11) -> 86790-BZ310 | EJ40: 86790-BZ310 | EK40: =VLOOKUP(EJ40,'By Plant'!B:D,3,0) -> GW | EL40: =LEFT(B40,11)&EH40&G40 -> 86790-BZ310GWZ1 | EM40: =IFERROR(VLOOKUP(EL42,$EQ$5:$ER$12,2,0),"") | ER40: =ES40=LEFT(FB19,11) -> TRUE | EZ40: 86790-BZ280 | FA40: =LEFT(ES40,11) -> 86790-BZ271
